{"stats":{"minecraft:custom":{"minecraft:mob_kills":14,"minecraft:interact_with_crafting_table":11,"minecraft:open_barrel":7,"minecraft:interact_with_campfire":5,"minecraft:time_since_death":54220,"minecraft:climb_one_cm":3473,"minecraft:time_since_rest":54220,"minecraft:sprint_one_cm":88392,"minecraft:damage_taken":1819,"minecraft:walk_one_cm":113986,"minecraft:damage_blocked_by_shield":30,"minecraft:drop":17,"minecraft:damage_dealt":4603,"tombstone:cast_on_ally":1,"minecraft:swim_one_cm":42883,"minecraft:fly_one_cm":133062,"minecraft:open_chest":21,"minecraft:crouch_one_cm":6784,"minecraft:play_time":54220,"tombstone:undead_killed":6,"minecraft:sneak_time":2730,"minecraft:walk_under_water_one_cm":31878,"minecraft:boat_one_cm":232,"minecraft:interact_with_brewingstand":1,"minecraft:jump":991,"minecraft:walk_on_water_one_cm":12934,"minecraft:total_world_time":54220,"minecraft:interact_with_smoker":2,"minecraft:fish_caught":3,"minecraft:fall_one_cm":29315,"minecraft:inspect_dispenser":1,"minecraft:horse_one_cm":3865},"minecraft:used":{"tombstone:scroll_of_reach":1,"minecraft:spruce_slab":1,"minecraft:chest":1,"minecraft:spruce_planks":4,"minecraft:shield":2,"minecraft:iron_sword":7,"minecraft:torch":5,"tombstone:scroll_of_preservation":1,"minecraft:dirt":1,"scalinghealth:heart_crystal":1,"minecraft:yellow_terracotta":1,"minecraft:crafting_table":2,"minecraft:cod":1,"paraglider:horned_statue":1,"minecraft:iron_axe":27,"minecraft:bread":22,"minecraft:iron_pickaxe":37,"born_in_chaos_v1:gnawed_bones":1,"born_in_chaos_v1:pile_of_skulls":1,"minecraft:fishing_rod":7,"minecraft:cobblestone":12,"born_in_chaos_v1:wood_splitter_axe":38,"minecraft:skeleton_skull":1,"tombstone:gift":2,"alexsmobs:animal_dictionary":1},"minecraft:dropped":{"minecraft:iron_ingot":3,"minecraft:wheat_seeds":72,"alexsmobs:gazelle_horn":1,"minecraft:player_head":2,"paraglider:horned_statue":1,"born_in_chaos_v1:corpse_maggot":1,"minecraft:mossy_stone_bricks":1,"minecraft:waxed_oxidized_cut_copper":1,"tombstone:grave_dust":1,"minecraft:stone_bricks":1,"minecraft:sand":1},"minecraft:broken":{"minecraft:iron_sword":1},"minecraft:picked_up":{"minecraft:iron_chestplate":1,"born_in_chaos_v1:corpse_maggot":3,"minecraft:waxed_oxidized_cut_copper":1,"minecraft:crafting_table":1,"born_in_chaos_v1:monster_flesh":1,"aquaculture:tuna":1,"minecraft:smithing_table":1,"minecraft:smoker":1,"minecraft:oak_log":5,"minecraft:shield":1,"minecraft:gunpowder":14,"minecraft:acacia_boat":1,"scalinghealth:heart_crystal":1,"alexsmobs:gazelle_horn":2,"minecraft:dirt":1,"born_in_chaos_v1:monster_skin":2,"minecraft:item_frame":1,"minecraft:bone":4,"minecraft:stone_bricks":1,"minecraft:wheat_seeds":72,"minecraft:spruce_planks":4,"minecraft:iron_ingot":22,"born_in_chaos_v1:gnawed_bones":1,"minecraft:player_head":2,"minecraft:mossy_stone_bricks":1,"minecraft:poppy":2,"minecraft:spruce_slab":1,"minecraft:chest":1,"minecraft:iron_sword":1,"minecraft:mangrove_log":2,"minecraft:stick":12,"scalinghealth:heart_crystal_shard":7,"minecraft:stripped_mangrove_wood":4,"born_in_chaos_v1:ethereal_spirit":1,"minecraft:quartz":8,"minecraft:sand":1,"minecraft:blast_furnace":1,"tombstone:grave_dust":1,"minecraft:dark_oak_planks":3,"born_in_chaos_v1:fried_maggot":2,"minecraft:yellow_terracotta":6,"minecraft:cooked_cod":3,"minecraft:slime_ball":1,"born_in_chaos_v1:pile_of_skulls":1,"minecraft:emerald":1,"born_in_chaos_v1:wood_splitter_axe":1,"minecraft:carved_pumpkin":1,"upgrade_aquatic:driftwood_log":2,"minecraft:hay_block":18,"minecraft:iron_helmet":1,"minecraft:golden_apple":1,"minecraft:bread":22,"paraglider:horned_statue":2,"minecraft:cod":1,"minecraft:skeleton_skull":1,"minecraft:coal":6,"minecraft:cobblestone":19},"minecraft:mined":{"minecraft:yellow_terracotta":6,"minecraft:dark_oak_planks":3,"minecraft:smithing_table":1,"minecraft:spruce_planks":3,"minecraft:smoker":1,"minecraft:crafting_table":1,"minecraft:blast_furnace":1,"minecraft:calcite":1,"minecraft:chest":1,"minecraft:dead_bush":13,"minecraft:tall_grass":7,"born_in_chaos_v1:gnawed_bones":1,"born_in_chaos_v1:pile_of_skulls":1,"minecraft:skeleton_skull":1,"minecraft:hay_block":21,"minecraft:waxed_oxidized_cut_copper":2,"paraglider:horned_statue":1,"minecraft:grass":6,"minecraft:coal_ore":1,"minecraft:oak_log":5,"minecraft:sand":1,"minecraft:dirt":1,"minecraft:stripped_mangrove_wood":4,"upgrade_aquatic:driftwood_log":2,"minecraft:stone":21,"minecraft:stone_bricks":1,"minecraft:player_head":1,"minecraft:mossy_stone_bricks":1,"minecraft:spruce_slab":1},"minecraft:crafted":{"minecraft:oak_planks":8,"sophisticatedbackpacks:backpack":1,"minecraft:crafting_table":2,"sophisticatedbackpacks:gold_backpack":1,"minecraft:mangrove_planks":2,"minecraft:air":48,"minecraft:leather":4,"minecraft:chest":1,"minecraft:torch":7,"upgrade_aquatic:driftwood_planks":2,"sophisticatedbackpacks:iron_backpack":1},"minecraft:killed":{"born_in_chaos_v1:baby_skeleton":2,"born_in_chaos_v1:pumpkin_spirit":1,"minecraft:iron_golem":1,"born_in_chaos_v1:dread_hound_not_despawn":2,"born_in_chaos_v1:decrepit_skeleton":2,"naturalist:snail":1,"minecraft:zombie":2,"born_in_chaos_v1:corpse_fly":2,"creeperoverhaul:savannah_creeper":1}},"DataVersion":3465}