{"stats":{"minecraft:used":{"minecraft:spruce_slab":1,"minecraft:spruce_planks":4,"minecraft:chest":1,"minecraft:shield":15,"minecraft:iron_sword":7,"born_in_chaos_v1:fried_maggot":2,"minecraft:torch":20,"tombstone:scroll_of_preservation":1,"mowziesmobs:umvuthana_mask_bliss":11,"minecraft:dirt":2,"farmersdelight:flint_knife":8,"scalinghealth:heart_crystal":1,"paraglider:horned_statue":1,"minecraft:iron_axe":48,"born_in_chaos_v1:gnawed_bones":1,"minecraft:hay_block":1,"minecraft:acacia_fence":1,"tombstone:gift":2,"minecraft:skeleton_skull":1,"tombstone:scroll_of_reach":1,"minecraft:blackstone":6,"naturalist:duck_egg":2,"minecraft:stripped_mangrove_wood":4,"minecraft:yellow_terracotta":6,"minecraft:crafting_table":2,"born_in_chaos_v1:holiday_candy":9,"minecraft:cod":1,"minecraft:cake":1,"minecraft:mangrove_pressure_plate":1,"born_in_chaos_v1:pumpkin_staff":1,"minecraft:bread":38,"minecraft:iron_pickaxe":110,"born_in_chaos_v1:pile_of_skulls":1,"minecraft:fishing_rod":7,"minecraft:cobblestone":23,"minecraft:andesite":2,"born_in_chaos_v1:wood_splitter_axe":161,"alexsmobs:animal_dictionary":1},"minecraft:custom":{"minecraft:mob_kills":40,"minecraft:interact_with_crafting_table":14,"minecraft:open_barrel":13,"minecraft:interact_with_campfire":5,"minecraft:damage_dealt_resisted":895,"minecraft:eat_cake_slice":7,"minecraft:leave_game":1,"minecraft:time_since_death":15968,"minecraft:climb_one_cm":3473,"minecraft:sprint_one_cm":200860,"minecraft:walk_one_cm":195231,"minecraft:damage_blocked_by_shield":257,"minecraft:drop":30,"minecraft:talked_to_villager":1,"minecraft:play_time":90159,"minecraft:deaths":3,"minecraft:sneak_time":4224,"minecraft:walk_under_water_one_cm":38024,"minecraft:boat_one_cm":232,"minecraft:interact_with_brewingstand":1,"minecraft:jump":2195,"minecraft:walk_on_water_one_cm":43026,"minecraft:total_world_time":90159,"spartanshields:shield_bash_hits":2,"minecraft:time_since_rest":15494,"minecraft:damage_taken":4758,"minecraft:trigger_trapped_chest":2,"minecraft:damage_dealt":12169,"tombstone:cast_on_ally":1,"minecraft:swim_one_cm":70664,"minecraft:fly_one_cm":342206,"minecraft:open_chest":26,"minecraft:crouch_one_cm":10018,"tombstone:undead_killed":6,"minecraft:fish_caught":3,"minecraft:interact_with_smoker":2,"minecraft:fall_one_cm":69611,"minecraft:inspect_dispenser":1,"minecraft:horse_one_cm":3865},"minecraft:dropped":{"minecraft:bread":1,"minecraft:iron_ingot":3,"born_in_chaos_v1:wood_splitter_axe":1,"minecraft:wheat_seeds":74,"mowziesmobs:umvuthana_mask_faith":1,"born_in_chaos_v1:holiday_candy":7,"minecraft:item_frame":2,"mowziesmobs:umvuthana_mask_bliss":2,"tombstone:grave_dust":1,"minecraft:sand":1,"mowziesmobs:umvuthana_mask_rage":1,"minecraft:player_head":2,"alexsmobs:gazelle_horn":1,"paraglider:horned_statue":1,"minecraft:filled_map":2,"born_in_chaos_v1:corpse_maggot":1,"minecraft:mossy_stone_bricks":1,"born_in_chaos_v1:diamond_termite_shard":1,"minecraft:waxed_oxidized_cut_copper":1,"minecraft:stone_bricks":1},"minecraft:broken":{"minecraft:iron_sword":1,"born_in_chaos_v1:wood_splitter_axe":1},"minecraft:picked_up":{"born_in_chaos_v1:diamond_termite_shard":1,"minecraft:crafting_table":1,"minecraft:waxed_oxidized_cut_copper":1,"minecraft:iron_chestplate":1,"minecraft:smithing_table":1,"minecraft:shield":1,"born_in_chaos_v1:holiday_candy":18,"alexsmobs:gazelle_horn":2,"neapolitan:banana_frond":6,"minecraft:item_frame":3,"minecraft:blackstone":6,"minecraft:cobbled_deepslate":1,"minecraft:spruce_planks":4,"born_in_chaos_v1:gnawed_bones":1,"minecraft:player_head":2,"minecraft:poppy":2,"minecraft:spruce_slab":1,"minecraft:chest":1,"minecraft:mangrove_log":2,"minecraft:raw_iron":41,"naturalist:duck":2,"minecraft:stick":12,"minecraft:stripped_mangrove_wood":4,"minecraft:acacia_fence":1,"minecraft:torch":3,"tombstone:grave_dust":1,"minecraft:dark_oak_planks":3,"mowziesmobs:umvuthana_mask_faith":1,"born_in_chaos_v1:fried_maggot":2,"minecraft:cooked_cod":3,"born_in_chaos_v1:wood_splitter_axe":2,"upgrade_aquatic:driftwood_log":2,"minecraft:hay_block":19,"minecraft:carved_pumpkin":1,"minecraft:yellow_terracotta":6,"mowziesmobs:umvuthana_mask_bliss":2,"paraglider:horned_statue":2,"minecraft:cod":1,"minecraft:skeleton_skull":1,"minecraft:cobblestone":28,"born_in_chaos_v1:corpse_maggot":6,"minecraft:feather":15,"minecraft:glow_ink_sac":4,"born_in_chaos_v1:monster_flesh":2,"born_in_chaos_v1:pumpkin_staff":1,"aquaculture:tuna":1,"minecraft:andesite":2,"minecraft:smoker":1,"minecraft:oak_log":5,"minecraft:gunpowder":14,"minecraft:acacia_boat":1,"scalinghealth:heart_crystal":3,"minecraft:lapis_lazuli":40,"minecraft:dirt":2,"born_in_chaos_v1:monster_skin":2,"minecraft:bone":4,"born_in_chaos_v1:soul_cutlass":1,"minecraft:stone_bricks":1,"mowziesmobs:umvuthana_mask_rage":1,"minecraft:wheat_seeds":75,"minecraft:iron_ingot":22,"minecraft:mossy_stone_bricks":1,"minecraft:iron_sword":1,"scalinghealth:heart_crystal_shard":7,"born_in_chaos_v1:ethereal_spirit":4,"minecraft:quartz":8,"born_in_chaos_v1:dark_rod":1,"minecraft:sand":1,"minecraft:blast_furnace":1,"naturalist:duck_egg":2,"minecraft:pumpkin_seeds":20,"alexsmobs:kangaroo_hide":5,"minecraft:slime_ball":1,"born_in_chaos_v1:pile_of_skulls":1,"minecraft:iron_helmet":1,"minecraft:golden_apple":1,"minecraft:emerald":1,"minecraft:bread":32,"born_in_chaos_v1:rotten_fish":2,"minecraft:coal":6},"minecraft:mined":{"minecraft:dark_oak_planks":3,"minecraft:yellow_terracotta":6,"minecraft:spruce_planks":3,"born_in_chaos_v1:infected_diamond_ore":1,"minecraft:grass_block":1,"born_in_chaos_v1:gnawed_bones":1,"born_in_chaos_v1:pile_of_skulls":1,"minecraft:hay_block":21,"minecraft:tall_seagrass":1,"minecraft:waxed_oxidized_cut_copper":2,"minecraft:iron_ore":30,"minecraft:fire":3,"minecraft:andesite":2,"minecraft:deepslate_iron_ore":11,"neapolitan:banana_frond":1,"minecraft:stone":33,"minecraft:stripped_mangrove_wood":4,"minecraft:player_head":1,"minecraft:spruce_slab":1,"minecraft:smithing_table":1,"minecraft:blackstone":6,"minecraft:smoker":1,"minecraft:crafting_table":1,"minecraft:blast_furnace":1,"minecraft:calcite":1,"minecraft:chest":1,"minecraft:dead_bush":13,"minecraft:tall_grass":8,"minecraft:lapis_ore":5,"minecraft:wall_torch":3,"minecraft:skeleton_skull":1,"minecraft:seagrass":1,"neapolitan:small_banana_frond":1,"paraglider:horned_statue":1,"minecraft:grass":26,"minecraft:coal_ore":1,"minecraft:oak_log":5,"minecraft:sand":1,"minecraft:dirt":1,"neapolitan:large_banana_frond":1,"upgrade_aquatic:driftwood_log":2,"minecraft:stone_bricks":1,"born_in_chaos_v1:infernal_evil_pumpkin_s":1,"minecraft:mossy_stone_bricks":1,"minecraft:deepslate":1},"minecraft:crafted":{"minecraft:oak_planks":8,"minecraft:leather":4,"minecraft:chest":1,"minecraft:mangrove_pressure_plate":1,"upgrade_aquatic:driftwood_planks":2,"sophisticatedbackpacks:iron_backpack":1,"sophisticatedbackpacks:backpack":1,"minecraft:crafting_table":2,"sophisticatedbackpacks:gold_backpack":1,"minecraft:mangrove_planks":2,"minecraft:air":49,"minecraft:iron_leggings":1,"minecraft:torch":7},"minecraft:killed":{"naturalist:lion":1,"born_in_chaos_v1:mr_pumpkin":5,"born_in_chaos_v1:restless_spirit":1,"born_in_chaos_v1:pumpkin_spirit":1,"naturalist:duck":2,"born_in_chaos_v1:pumpkinhead":1,"naturalist:snail":1,"mowziesmobs:umvuthana_crane":3,"born_in_chaos_v1:corpse_fish":2,"mowziesmobs:umvuthana":5,"born_in_chaos_v1:diamond_termite":2,"born_in_chaos_v1:baby_skeleton":2,"mowziesmobs:umvuthana_follower_player":2,"minecraft:iron_golem":1,"born_in_chaos_v1:dread_hound_not_despawn":2,"born_in_chaos_v1:decrepit_skeleton":2,"minecraft:zombie":2,"born_in_chaos_v1:corpse_fly":2,"born_in_chaos_v1:dark_vortex":1,"minecraft:glow_squid":1,"creeperoverhaul:savannah_creeper":1}},"DataVersion":3465}