{"stats":{"minecraft:used":{"minecraft:bread":7,"minecraft:spruce_slab":1,"minecraft:spruce_planks":4,"minecraft:chest":1,"minecraft:shield":2,"minecraft:fishing_rod":2,"minecraft:dirt":1},"minecraft:dropped":{"minecraft:iron_ingot":3,"minecraft:player_head":2,"minecraft:sand":1},"minecraft:custom":{"minecraft:time_since_rest":18220,"minecraft:sprint_one_cm":19452,"minecraft:damage_taken":489,"minecraft:walk_one_cm":46868,"minecraft:damage_blocked_by_shield":30,"minecraft:mob_kills":1,"minecraft:drop":6,"minecraft:damage_dealt":99,"minecraft:swim_one_cm":18594,"minecraft:interact_with_crafting_table":3,"minecraft:fly_one_cm":44874,"minecraft:open_barrel":7,"minecraft:crouch_one_cm":1459,"minecraft:play_time":18220,"minecraft:sneak_time":704,"minecraft:walk_under_water_one_cm":13086,"minecraft:boat_one_cm":140,"minecraft:jump":268,"minecraft:walk_on_water_one_cm":6701,"minecraft:time_since_death":18220,"minecraft:climb_one_cm":90,"minecraft:total_world_time":18220,"minecraft:fall_one_cm":7998,"minecraft:inspect_dispenser":1,"minecraft:horse_one_cm":1552},"minecraft:picked_up":{"minecraft:stick":10,"minecraft:quartz":8,"minecraft:sand":1,"minecraft:shield":1,"minecraft:gunpowder":14,"minecraft:dirt":1,"minecraft:slime_ball":1,"minecraft:spruce_planks":4,"minecraft:iron_helmet":1,"minecraft:iron_ingot":17,"minecraft:player_head":2,"minecraft:bread":22,"minecraft:spruce_slab":1,"minecraft:chest":1},"minecraft:mined":{"minecraft:spruce_planks":3,"minecraft:grass":4,"minecraft:chest":1,"minecraft:dead_bush":13,"minecraft:dirt":1,"minecraft:sand":1,"minecraft:player_head":1,"minecraft:spruce_slab":1},"minecraft:killed":{"naturalist:snail":1}},"DataVersion":3465}