{"stats":{"minecraft:used":{"minecraft:spruce_slab":1,"minecraft:spruce_planks":4,"minecraft:chest":1,"minecraft:shield":2,"minecraft:iron_sword":7,"born_in_chaos_v1:fried_maggot":2,"minecraft:torch":5,"mowziesmobs:umvuthana_mask_bliss":11,"tombstone:scroll_of_preservation":1,"minecraft:dirt":2,"scalinghealth:heart_crystal":1,"paraglider:horned_statue":1,"minecraft:iron_axe":27,"born_in_chaos_v1:gnawed_bones":1,"tombstone:gift":2,"minecraft:skeleton_skull":1,"tombstone:scroll_of_reach":1,"minecraft:yellow_terracotta":6,"minecraft:crafting_table":2,"minecraft:cod":1,"minecraft:cake":1,"minecraft:bread":24,"minecraft:iron_pickaxe":37,"born_in_chaos_v1:pile_of_skulls":1,"minecraft:fishing_rod":7,"minecraft:cobblestone":18,"born_in_chaos_v1:wood_splitter_axe":75,"alexsmobs:animal_dictionary":1},"minecraft:custom":{"minecraft:mob_kills":25,"minecraft:interact_with_crafting_table":11,"minecraft:open_barrel":7,"minecraft:interact_with_campfire":5,"minecraft:damage_dealt_resisted":80,"minecraft:eat_cake_slice":7,"minecraft:time_since_death":2872,"minecraft:climb_one_cm":3473,"minecraft:sprint_one_cm":140742,"minecraft:walk_one_cm":139086,"minecraft:damage_blocked_by_shield":30,"minecraft:drop":23,"minecraft:talked_to_villager":1,"minecraft:play_time":66220,"minecraft:deaths":2,"minecraft:sneak_time":2981,"minecraft:walk_under_water_one_cm":32121,"minecraft:boat_one_cm":232,"minecraft:jump":1509,"minecraft:interact_with_brewingstand":1,"minecraft:walk_on_water_one_cm":14401,"minecraft:total_world_time":66220,"minecraft:time_since_rest":2503,"minecraft:damage_taken":2675,"minecraft:damage_dealt":6081,"tombstone:cast_on_ally":1,"minecraft:swim_one_cm":47346,"minecraft:fly_one_cm":229183,"minecraft:open_chest":23,"minecraft:crouch_one_cm":7577,"tombstone:undead_killed":6,"minecraft:interact_with_smoker":2,"minecraft:fish_caught":3,"minecraft:fall_one_cm":46648,"minecraft:inspect_dispenser":1,"minecraft:horse_one_cm":3865},"minecraft:dropped":{"minecraft:iron_ingot":3,"minecraft:wheat_seeds":74,"mowziesmobs:umvuthana_mask_faith":1,"mowziesmobs:umvuthana_mask_bliss":1,"tombstone:grave_dust":1,"minecraft:sand":1,"mowziesmobs:umvuthana_mask_rage":1,"alexsmobs:gazelle_horn":1,"minecraft:player_head":2,"paraglider:horned_statue":1,"minecraft:filled_map":2,"born_in_chaos_v1:corpse_maggot":1,"minecraft:mossy_stone_bricks":1,"minecraft:waxed_oxidized_cut_copper":1,"minecraft:stone_bricks":1},"minecraft:broken":{"minecraft:iron_sword":1},"minecraft:picked_up":{"minecraft:crafting_table":1,"minecraft:waxed_oxidized_cut_copper":1,"minecraft:iron_chestplate":1,"minecraft:smithing_table":1,"minecraft:shield":1,"alexsmobs:gazelle_horn":2,"minecraft:item_frame":3,"minecraft:spruce_planks":4,"born_in_chaos_v1:gnawed_bones":1,"minecraft:player_head":2,"minecraft:poppy":2,"minecraft:spruce_slab":1,"minecraft:chest":1,"minecraft:mangrove_log":2,"minecraft:stick":12,"minecraft:stripped_mangrove_wood":4,"tombstone:grave_dust":1,"minecraft:dark_oak_planks":3,"mowziesmobs:umvuthana_mask_faith":1,"born_in_chaos_v1:fried_maggot":2,"minecraft:cooked_cod":3,"born_in_chaos_v1:wood_splitter_axe":1,"upgrade_aquatic:driftwood_log":2,"minecraft:hay_block":19,"minecraft:carved_pumpkin":1,"minecraft:yellow_terracotta":6,"mowziesmobs:umvuthana_mask_bliss":2,"paraglider:horned_statue":2,"minecraft:cod":1,"minecraft:skeleton_skull":1,"minecraft:cobblestone":19,"born_in_chaos_v1:corpse_maggot":3,"minecraft:feather":12,"born_in_chaos_v1:monster_flesh":1,"aquaculture:tuna":1,"minecraft:smoker":1,"minecraft:oak_log":5,"minecraft:gunpowder":14,"minecraft:acacia_boat":1,"scalinghealth:heart_crystal":1,"minecraft:dirt":2,"born_in_chaos_v1:monster_skin":2,"minecraft:bone":4,"minecraft:stone_bricks":1,"mowziesmobs:umvuthana_mask_rage":1,"minecraft:wheat_seeds":74,"minecraft:iron_ingot":22,"minecraft:mossy_stone_bricks":1,"minecraft:iron_sword":1,"scalinghealth:heart_crystal_shard":7,"minecraft:quartz":8,"born_in_chaos_v1:ethereal_spirit":1,"minecraft:sand":1,"minecraft:blast_furnace":1,"minecraft:slime_ball":1,"born_in_chaos_v1:pile_of_skulls":1,"minecraft:iron_helmet":1,"minecraft:golden_apple":1,"minecraft:bread":22,"minecraft:emerald":1,"minecraft:coal":6},"minecraft:mined":{"minecraft:dark_oak_planks":3,"minecraft:yellow_terracotta":6,"minecraft:spruce_planks":3,"minecraft:grass_block":1,"born_in_chaos_v1:gnawed_bones":1,"born_in_chaos_v1:pile_of_skulls":1,"minecraft:hay_block":21,"minecraft:waxed_oxidized_cut_copper":2,"minecraft:fire":1,"minecraft:stone":21,"minecraft:stripped_mangrove_wood":4,"minecraft:player_head":1,"minecraft:spruce_slab":1,"minecraft:smithing_table":1,"minecraft:smoker":1,"minecraft:crafting_table":1,"minecraft:blast_furnace":1,"minecraft:calcite":1,"minecraft:chest":1,"minecraft:dead_bush":13,"minecraft:tall_grass":7,"minecraft:skeleton_skull":1,"paraglider:horned_statue":1,"minecraft:grass":21,"minecraft:oak_log":5,"minecraft:coal_ore":1,"minecraft:sand":1,"minecraft:dirt":1,"upgrade_aquatic:driftwood_log":2,"minecraft:stone_bricks":1,"minecraft:mossy_stone_bricks":1},"minecraft:crafted":{"minecraft:oak_planks":8,"minecraft:leather":4,"minecraft:chest":1,"upgrade_aquatic:driftwood_planks":2,"sophisticatedbackpacks:iron_backpack":1,"sophisticatedbackpacks:backpack":1,"minecraft:crafting_table":2,"sophisticatedbackpacks:gold_backpack":1,"minecraft:mangrove_planks":2,"minecraft:air":48,"minecraft:torch":7},"minecraft:killed":{"naturalist:lion":1,"born_in_chaos_v1:pumpkin_spirit":1,"naturalist:snail":1,"mowziesmobs:umvuthana_crane":3,"mowziesmobs:umvuthana":5,"born_in_chaos_v1:baby_skeleton":2,"mowziesmobs:umvuthana_follower_player":2,"minecraft:iron_golem":1,"born_in_chaos_v1:dread_hound_not_despawn":2,"born_in_chaos_v1:decrepit_skeleton":2,"minecraft:zombie":2,"born_in_chaos_v1:corpse_fly":2,"creeperoverhaul:savannah_creeper":1}},"DataVersion":3465}