{"stats":{"minecraft:custom":{"minecraft:mob_kills":6,"minecraft:interact_with_crafting_table":8,"minecraft:open_barrel":7,"minecraft:time_since_death":42220,"minecraft:climb_one_cm":1815,"minecraft:time_since_rest":42220,"minecraft:sprint_one_cm":52902,"minecraft:damage_taken":1155,"minecraft:walk_one_cm":83523,"minecraft:damage_blocked_by_shield":30,"minecraft:drop":11,"minecraft:damage_dealt":2611,"tombstone:cast_on_ally":1,"minecraft:swim_one_cm":42883,"minecraft:fly_one_cm":77496,"minecraft:open_chest":16,"minecraft:crouch_one_cm":2610,"minecraft:play_time":42220,"tombstone:undead_killed":2,"minecraft:sneak_time":1929,"minecraft:walk_under_water_one_cm":31878,"minecraft:boat_one_cm":232,"minecraft:jump":598,"minecraft:walk_on_water_one_cm":12934,"minecraft:total_world_time":42220,"minecraft:interact_with_smoker":2,"minecraft:fish_caught":3,"minecraft:fall_one_cm":14138,"minecraft:inspect_dispenser":1,"minecraft:horse_one_cm":3865},"minecraft:used":{"tombstone:scroll_of_reach":1,"minecraft:spruce_slab":1,"minecraft:chest":1,"minecraft:spruce_planks":4,"minecraft:shield":2,"minecraft:torch":1,"tombstone:scroll_of_preservation":1,"minecraft:dirt":1,"minecraft:crafting_table":2,"minecraft:cod":1,"paraglider:horned_statue":1,"minecraft:iron_axe":27,"minecraft:bread":11,"minecraft:iron_pickaxe":28,"born_in_chaos_v1:gnawed_bones":1,"born_in_chaos_v1:pile_of_skulls":1,"minecraft:fishing_rod":7,"minecraft:cobblestone":3,"born_in_chaos_v1:wood_splitter_axe":4,"minecraft:skeleton_skull":1,"tombstone:gift":2,"alexsmobs:animal_dictionary":1},"minecraft:dropped":{"minecraft:iron_ingot":3,"minecraft:wheat_seeds":1,"minecraft:player_head":2,"paraglider:horned_statue":1,"minecraft:mossy_stone_bricks":1,"tombstone:grave_dust":1,"minecraft:stone_bricks":1,"minecraft:sand":1},"minecraft:picked_up":{"minecraft:crafting_table":1,"born_in_chaos_v1:monster_flesh":1,"aquaculture:tuna":1,"minecraft:smithing_table":1,"minecraft:smoker":1,"minecraft:oak_log":5,"minecraft:shield":1,"minecraft:gunpowder":14,"minecraft:acacia_boat":1,"minecraft:dirt":1,"born_in_chaos_v1:monster_skin":2,"minecraft:bone":2,"minecraft:stone_bricks":1,"minecraft:wheat_seeds":1,"minecraft:spruce_planks":4,"minecraft:iron_ingot":22,"born_in_chaos_v1:gnawed_bones":1,"minecraft:player_head":2,"minecraft:mossy_stone_bricks":1,"minecraft:poppy":2,"minecraft:spruce_slab":1,"minecraft:chest":1,"minecraft:mangrove_log":2,"minecraft:stick":10,"minecraft:quartz":8,"minecraft:sand":1,"minecraft:blast_furnace":1,"tombstone:grave_dust":1,"minecraft:slime_ball":1,"born_in_chaos_v1:pile_of_skulls":1,"born_in_chaos_v1:wood_splitter_axe":1,"upgrade_aquatic:driftwood_log":2,"minecraft:hay_block":17,"minecraft:iron_helmet":1,"minecraft:bread":22,"paraglider:horned_statue":2,"minecraft:skeleton_skull":1,"minecraft:coal":6,"minecraft:cobblestone":19},"minecraft:mined":{"minecraft:smithing_table":1,"minecraft:spruce_planks":3,"minecraft:smoker":1,"minecraft:crafting_table":1,"minecraft:blast_furnace":1,"minecraft:chest":1,"minecraft:dead_bush":13,"minecraft:tall_grass":2,"born_in_chaos_v1:gnawed_bones":1,"born_in_chaos_v1:pile_of_skulls":1,"minecraft:skeleton_skull":1,"minecraft:hay_block":21,"paraglider:horned_statue":1,"minecraft:grass":4,"minecraft:coal_ore":1,"minecraft:oak_log":5,"minecraft:sand":1,"minecraft:dirt":1,"upgrade_aquatic:driftwood_log":2,"minecraft:stone":21,"minecraft:stone_bricks":1,"minecraft:player_head":1,"minecraft:mossy_stone_bricks":1,"minecraft:spruce_slab":1},"minecraft:crafted":{"minecraft:oak_planks":8,"sophisticatedbackpacks:backpack":1,"minecraft:crafting_table":2,"minecraft:mangrove_planks":2,"minecraft:air":47,"minecraft:leather":4,"minecraft:chest":1,"minecraft:torch":7,"upgrade_aquatic:driftwood_planks":2,"sophisticatedbackpacks:iron_backpack":1},"minecraft:killed":{"minecraft:iron_golem":1,"born_in_chaos_v1:dread_hound_not_despawn":2,"born_in_chaos_v1:decrepit_skeleton":1,"naturalist:snail":1,"minecraft:zombie":1}},"DataVersion":3465}