{"stats":{"minecraft:used":{"minecraft:spruce_slab":1,"minecraft:spruce_planks":4,"minecraft:chest":1,"minecraft:shield":16,"born_in_chaos_v1:black_argillite":3,"minecraft:iron_sword":7,"born_in_chaos_v1:fried_maggot":2,"minecraft:torch":42,"tombstone:scroll_of_preservation":1,"mowziesmobs:umvuthana_mask_bliss":11,"minecraft:dirt":2,"farmersdelight:flint_knife":8,"scalinghealth:heart_crystal":3,"paraglider:horned_statue":1,"minecraft:iron_axe":62,"born_in_chaos_v1:gnawed_bones":1,"minecraft:smooth_basalt":6,"minecraft:hay_block":1,"minecraft:acacia_fence":1,"tombstone:gift":2,"minecraft:skeleton_skull":1,"minecraft:cobbled_deepslate":1,"tombstone:scroll_of_reach":1,"minecraft:blackstone":6,"naturalist:duck_egg":2,"minecraft:stripped_mangrove_wood":4,"minecraft:yellow_terracotta":6,"minecraft:crafting_table":2,"born_in_chaos_v1:holiday_candy":9,"minecraft:cod":1,"minecraft:cake":1,"minecraft:mangrove_pressure_plate":1,"born_in_chaos_v1:pumpkin_staff":1,"minecraft:bread":41,"minecraft:iron_pickaxe":312,"minecraft:gravel":10,"born_in_chaos_v1:pile_of_skulls":1,"minecraft:fishing_rod":7,"minecraft:cobblestone":23,"minecraft:andesite":2,"born_in_chaos_v1:wood_splitter_axe":161,"alexsmobs:animal_dictionary":1},"minecraft:custom":{"minecraft:mob_kills":45,"minecraft:interact_with_crafting_table":14,"minecraft:open_barrel":13,"minecraft:interact_with_campfire":5,"minecraft:damage_dealt_resisted":895,"minecraft:eat_cake_slice":7,"minecraft:leave_game":1,"minecraft:time_since_death":27968,"minecraft:climb_one_cm":3473,"minecraft:sprint_one_cm":217587,"minecraft:walk_one_cm":224987,"minecraft:damage_blocked_by_shield":292,"minecraft:drop":33,"minecraft:talked_to_villager":1,"minecraft:play_time":102159,"minecraft:deaths":3,"minecraft:sneak_time":6232,"minecraft:walk_under_water_one_cm":39004,"minecraft:boat_one_cm":232,"minecraft:interact_with_brewingstand":1,"minecraft:jump":2416,"minecraft:walk_on_water_one_cm":46211,"minecraft:total_world_time":102159,"spartanshields:shield_bash_hits":2,"minecraft:time_since_rest":27494,"minecraft:damage_taken":4992,"minecraft:trigger_trapped_chest":2,"minecraft:damage_dealt":13151,"tombstone:cast_on_ally":1,"minecraft:swim_one_cm":70968,"minecraft:fly_one_cm":373976,"minecraft:open_chest":26,"minecraft:crouch_one_cm":13798,"tombstone:undead_killed":9,"minecraft:fish_caught":3,"minecraft:interact_with_smoker":2,"minecraft:fall_one_cm":79859,"minecraft:inspect_dispenser":1,"minecraft:horse_one_cm":3865},"minecraft:dropped":{"minecraft:bread":1,"minecraft:iron_ingot":3,"born_in_chaos_v1:wood_splitter_axe":1,"minecraft:wheat_seeds":74,"mowziesmobs:umvuthana_mask_faith":1,"born_in_chaos_v1:holiday_candy":7,"minecraft:item_frame":2,"nifty:marble":1,"mowziesmobs:umvuthana_mask_bliss":2,"tombstone:grave_dust":1,"minecraft:sand":1,"minecraft:smooth_basalt":2,"minecraft:gravel":1,"mowziesmobs:umvuthana_mask_rage":1,"minecraft:player_head":2,"alexsmobs:gazelle_horn":1,"paraglider:horned_statue":1,"minecraft:filled_map":2,"born_in_chaos_v1:corpse_maggot":1,"minecraft:mossy_stone_bricks":1,"born_in_chaos_v1:diamond_termite_shard":1,"minecraft:waxed_oxidized_cut_copper":1,"minecraft:stone_bricks":1},"minecraft:broken":{"minecraft:iron_sword":1,"minecraft:iron_pickaxe":1,"born_in_chaos_v1:wood_splitter_axe":1},"minecraft:picked_up":{"born_in_chaos_v1:diamond_termite_shard":1,"minecraft:crafting_table":1,"minecraft:waxed_oxidized_cut_copper":1,"minecraft:iron_chestplate":1,"minecraft:smithing_table":1,"minecraft:shield":1,"born_in_chaos_v1:holiday_candy":18,"born_in_chaos_v1:black_argillite":3,"alexsmobs:gazelle_horn":2,"minecraft:raw_copper":18,"neapolitan:banana_frond":6,"minecraft:item_frame":3,"minecraft:blackstone":91,"minecraft:cobbled_deepslate":1,"minecraft:spruce_planks":4,"born_in_chaos_v1:gnawed_bones":1,"minecraft:player_head":2,"minecraft:poppy":2,"minecraft:spruce_slab":1,"minecraft:chest":1,"minecraft:mangrove_log":2,"minecraft:raw_iron":54,"naturalist:duck":2,"minecraft:stick":12,"minecraft:stripped_mangrove_wood":4,"minecraft:acacia_fence":1,"minecraft:torch":8,"tombstone:grave_dust":1,"minecraft:dark_oak_planks":3,"mowziesmobs:umvuthana_mask_faith":1,"minecraft:rotten_flesh":4,"born_in_chaos_v1:fried_maggot":2,"minecraft:cooked_cod":3,"born_in_chaos_v1:wood_splitter_axe":2,"upgrade_aquatic:driftwood_log":2,"minecraft:hay_block":19,"minecraft:carved_pumpkin":1,"minecraft:yellow_terracotta":6,"mowziesmobs:umvuthana_mask_bliss":2,"paraglider:horned_statue":2,"minecraft:cod":1,"minecraft:skeleton_skull":1,"minecraft:cobblestone":47,"minecraft:birch_log":2,"born_in_chaos_v1:corpse_maggot":8,"minecraft:feather":15,"minecraft:glow_ink_sac":10,"born_in_chaos_v1:monster_flesh":2,"born_in_chaos_v1:pumpkin_staff":1,"aquaculture:tuna":1,"minecraft:andesite":2,"minecraft:smoker":1,"minecraft:oak_log":5,"minecraft:gunpowder":14,"minecraft:acacia_boat":1,"scalinghealth:heart_crystal":3,"minecraft:lapis_lazuli":110,"minecraft:dirt":2,"born_in_chaos_v1:monster_skin":2,"nifty:marble":1,"minecraft:bone":6,"born_in_chaos_v1:soul_cutlass":1,"minecraft:stone_bricks":1,"mowziesmobs:umvuthana_mask_rage":1,"minecraft:wheat_seeds":75,"minecraft:raw_gold":2,"minecraft:iron_ingot":23,"scalinghealth:power_crystal_shard":1,"minecraft:mossy_stone_bricks":1,"minecraft:iron_sword":1,"scalinghealth:heart_crystal_shard":7,"minecraft:smooth_basalt":9,"born_in_chaos_v1:ethereal_spirit":4,"minecraft:quartz":8,"minecraft:gravel":11,"born_in_chaos_v1:dark_rod":1,"minecraft:sand":1,"minecraft:blast_furnace":1,"naturalist:duck_egg":2,"minecraft:pumpkin_seeds":20,"alexsmobs:kangaroo_hide":5,"minecraft:slime_ball":1,"minecraft:diamond":12,"born_in_chaos_v1:pile_of_skulls":1,"minecraft:iron_helmet":1,"minecraft:golden_apple":1,"minecraft:emerald":1,"minecraft:bread":32,"born_in_chaos_v1:rotten_fish":2,"minecraft:coal":6},"minecraft:mined":{"minecraft:dark_oak_planks":3,"minecraft:yellow_terracotta":6,"minecraft:spruce_planks":3,"minecraft:deepslate_diamond_ore":12,"born_in_chaos_v1:infected_diamond_ore":1,"minecraft:grass_block":1,"born_in_chaos_v1:black_argillite":3,"born_in_chaos_v1:gnawed_bones":1,"born_in_chaos_v1:pile_of_skulls":1,"minecraft:hay_block":21,"minecraft:tall_seagrass":1,"minecraft:waxed_oxidized_cut_copper":2,"minecraft:iron_ore":31,"minecraft:fire":6,"minecraft:andesite":37,"minecraft:deepslate_lapis_ore":9,"minecraft:deepslate_iron_ore":23,"neapolitan:banana_frond":1,"scalinghealth:deepslate_power_crystal_ore":1,"minecraft:stone":52,"minecraft:stripped_mangrove_wood":4,"minecraft:player_head":1,"minecraft:spruce_slab":1,"minecraft:smithing_table":1,"minecraft:blackstone":90,"minecraft:smoker":1,"minecraft:crafting_table":1,"minecraft:torch":4,"minecraft:blast_furnace":1,"minecraft:calcite":1,"minecraft:chest":1,"minecraft:dead_bush":13,"minecraft:tall_grass":8,"minecraft:lapis_ore":8,"minecraft:wall_torch":5,"minecraft:deepslate_copper_ore":6,"minecraft:skeleton_skull":1,"minecraft:seagrass":1,"neapolitan:small_banana_frond":1,"paraglider:horned_statue":1,"minecraft:grass":26,"minecraft:coal_ore":1,"minecraft:oak_log":5,"minecraft:gravel":6,"minecraft:sand":1,"minecraft:dirt":1,"nifty:marble":1,"neapolitan:large_banana_frond":1,"minecraft:smooth_basalt":10,"upgrade_aquatic:driftwood_log":2,"minecraft:stone_bricks":1,"born_in_chaos_v1:infernal_evil_pumpkin_s":1,"minecraft:gold_ore":2,"minecraft:mossy_stone_bricks":1,"minecraft:deepslate":1},"minecraft:crafted":{"minecraft:oak_planks":8,"minecraft:leather":4,"minecraft:chest":1,"minecraft:mangrove_pressure_plate":1,"upgrade_aquatic:driftwood_planks":2,"sophisticatedbackpacks:iron_backpack":1,"sophisticatedbackpacks:backpack":1,"minecraft:crafting_table":2,"sophisticatedbackpacks:gold_backpack":1,"minecraft:mangrove_planks":2,"minecraft:air":57,"minecraft:stick":4,"minecraft:iron_leggings":1,"minecraft:torch":9},"minecraft:killed":{"naturalist:lion":1,"born_in_chaos_v1:mr_pumpkin":5,"born_in_chaos_v1:zombie_lumberjack":1,"born_in_chaos_v1:restless_spirit":1,"born_in_chaos_v1:pumpkin_spirit":1,"naturalist:duck":2,"born_in_chaos_v1:maggot":2,"born_in_chaos_v1:pumpkinhead":1,"naturalist:snail":1,"mowziesmobs:umvuthana_crane":3,"born_in_chaos_v1:corpse_fish":2,"mowziesmobs:umvuthana":5,"born_in_chaos_v1:diamond_termite":2,"born_in_chaos_v1:baby_skeleton":2,"mowziesmobs:umvuthana_follower_player":2,"minecraft:iron_golem":1,"born_in_chaos_v1:dread_hound_not_despawn":2,"born_in_chaos_v1:decrepit_skeleton":4,"minecraft:zombie":2,"born_in_chaos_v1:corpse_fly":2,"born_in_chaos_v1:dark_vortex":1,"minecraft:glow_squid":1,"creeperoverhaul:savannah_creeper":1}},"DataVersion":3465}