{"stats":{"minecraft:used":{"tombstone:scroll_of_reach":1,"minecraft:iron_axe":6,"minecraft:bread":10,"minecraft:spruce_slab":1,"minecraft:iron_pickaxe":26,"minecraft:spruce_planks":4,"minecraft:chest":1,"minecraft:shield":2,"minecraft:torch":1,"tombstone:scroll_of_preservation":1,"minecraft:fishing_rod":7,"minecraft:dirt":1,"tombstone:gift":2,"alexsmobs:animal_dictionary":1},"minecraft:dropped":{"minecraft:iron_ingot":3,"minecraft:wheat_seeds":1,"minecraft:player_head":2,"tombstone:grave_dust":1,"minecraft:sand":1},"minecraft:custom":{"minecraft:time_since_rest":30220,"minecraft:sprint_one_cm":30261,"minecraft:damage_taken":933,"minecraft:walk_one_cm":64990,"minecraft:damage_blocked_by_shield":30,"minecraft:mob_kills":1,"minecraft:drop":8,"minecraft:damage_dealt":634,"tombstone:cast_on_ally":1,"minecraft:swim_one_cm":39224,"minecraft:interact_with_crafting_table":5,"minecraft:fly_one_cm":51032,"minecraft:open_barrel":7,"minecraft:open_chest":16,"minecraft:crouch_one_cm":2026,"minecraft:play_time":30220,"minecraft:sneak_time":1466,"minecraft:walk_under_water_one_cm":31017,"minecraft:boat_one_cm":232,"minecraft:jump":421,"minecraft:interact_with_smoker":2,"minecraft:walk_on_water_one_cm":10745,"minecraft:time_since_death":30220,"minecraft:climb_one_cm":1815,"minecraft:total_world_time":30220,"minecraft:fish_caught":3,"minecraft:fall_one_cm":10310,"minecraft:inspect_dispenser":1,"minecraft:horse_one_cm":1552},"minecraft:picked_up":{"minecraft:stick":10,"aquaculture:tuna":1,"minecraft:smithing_table":1,"minecraft:smoker":1,"minecraft:quartz":8,"minecraft:sand":1,"tombstone:grave_dust":1,"minecraft:oak_log":5,"minecraft:blast_furnace":1,"minecraft:shield":1,"minecraft:gunpowder":14,"minecraft:dirt":1,"minecraft:stone_bricks":1,"minecraft:slime_ball":1,"minecraft:wheat_seeds":1,"upgrade_aquatic:driftwood_log":2,"minecraft:spruce_planks":4,"minecraft:iron_helmet":1,"minecraft:iron_ingot":17,"minecraft:mossy_stone_bricks":1,"minecraft:player_head":2,"minecraft:bread":22,"minecraft:spruce_slab":1,"minecraft:coal":5,"minecraft:chest":1,"minecraft:cobblestone":19},"minecraft:mined":{"minecraft:smithing_table":1,"minecraft:spruce_planks":3,"minecraft:smoker":1,"minecraft:grass":4,"minecraft:blast_furnace":1,"minecraft:oak_log":5,"minecraft:chest":1,"minecraft:dead_bush":13,"minecraft:dirt":1,"minecraft:sand":1,"minecraft:tall_grass":2,"minecraft:stone_bricks":1,"upgrade_aquatic:driftwood_log":2,"minecraft:stone":21,"minecraft:mossy_stone_bricks":1,"minecraft:player_head":1,"minecraft:spruce_slab":1},"minecraft:crafted":{"minecraft:crafting_table":1,"minecraft:torch":7,"minecraft:air":37,"upgrade_aquatic:driftwood_planks":2},"minecraft:killed":{"naturalist:snail":1}},"DataVersion":3465}