{"stats":{"minecraft:used":{"minecraft:dead_bush":1,"minecraft:chest":1,"minecraft:shield":10,"minecraft:iron_sword":86,"scalinghealth:heart_crystal":1,"minecraft:crafting_table":5,"minecraft:red_bed":1,"minecraft:jungle_planks":3,"minecraft:crossbow":15,"minecraft:apple":2,"minecraft:iron_axe":60,"minecraft:bread":9,"minecraft:iron_pickaxe":9,"scalinghealth:power_crystal":1,"minecraft:porkchop":12,"minecraft:chain":1,"tombstone:gift":3,"alexsmobs:animal_dictionary":2},"minecraft:custom":{"minecraft:mob_kills":34,"minecraft:interact_with_crafting_table":11,"minecraft:open_barrel":6,"minecraft:damage_dealt_resisted":204,"minecraft:leave_game":1,"minecraft:time_since_death":2384,"minecraft:sleep_in_bed":1,"minecraft:climb_one_cm":11684,"minecraft:time_since_rest":1962,"minecraft:sprint_one_cm":120203,"minecraft:damage_taken":5544,"minecraft:walk_one_cm":107745,"minecraft:damage_blocked_by_shield":190,"minecraft:drop":23,"minecraft:damage_dealt":7119,"minecraft:fly_one_cm":274462,"minecraft:open_chest":11,"minecraft:crouch_one_cm":1084,"minecraft:play_time":41344,"tombstone:undead_killed":19,"minecraft:deaths":12,"minecraft:sneak_time":338,"minecraft:jump":1209,"minecraft:total_world_time":41344,"minecraft:fall_one_cm":38120},"minecraft:dropped":{"minecraft:red_concrete":1,"alexsmobs:maggot":2,"minecraft:stone_sword":1,"minecraft:wheat":1,"minecraft:sandstone_slab":2,"minecraft:plenty_pottery_sherd":2,"minecraft:spruce_stairs":1,"minecraft:flower_pot":3,"born_in_chaos_v1:corpse_maggot":1,"minecraft:golden_sword":1,"minecraft:slime_ball":2,"minecraft:blue_orchid":2,"minecraft:brick":6},"minecraft:broken":{"minecraft:chainmail_boots":1},"minecraft:picked_up":{"born_in_chaos_v1:corpse_maggot":2,"minecraft:crafting_table":6,"minecraft:wheat":1,"minecraft:sandstone_slab":2,"minecraft:chainmail_boots":1,"born_in_chaos_v1:monster_flesh":2,"minecraft:flower_pot":3,"minecraft:leather":2,"minecraft:jungle_wood":4,"alexsmobs:roadrunner_feather":1,"paraglider:spirit_orb":10,"minecraft:chain":1,"minecraft:golden_sword":2,"minecraft:brick":9,"scalinghealth:heart_crystal":1,"minecraft:string":1,"minecraft:red_bed":2,"minecraft:bone":4,"minecraft:blue_orchid":2,"minecraft:iron_ingot":1,"scalinghealth:power_crystal_shard":11,"born_in_chaos_v1:gnawed_bones":2,"tombstone:bag_of_seeds":1,"minecraft:chest":2,"minecraft:furnace":1,"minecraft:book":18,"minecraft:stick":9,"scalinghealth:heart_crystal_shard":9,"born_in_chaos_v1:ethereal_spirit":2,"minecraft:spruce_stairs":1,"minecraft:jungle_planks":3,"minecraft:porkchop":8,"tombstone:grave_dust":2,"minecraft:dead_bush":1,"born_in_chaos_v1:pieceofdarkmetal":2,"minecraft:stone_sword":1,"minecraft:rotten_flesh":4,"minecraft:slime_ball":2,"minecraft:hay_block":3,"alexsmobs:maggot":2,"minecraft:plenty_pottery_sherd":2,"minecraft:red_concrete":1},"minecraft:mined":{"minecraft:sandstone_slab":1,"minecraft:red_bed":2,"minecraft:smooth_sandstone":1,"minecraft:crafting_table":7,"minecraft:potted_dead_bush":1,"minecraft:decorated_pot":1,"minecraft:jungle_planks":3,"minecraft:chest":2,"minecraft:rose_bush":1,"minecraft:dead_bush":8,"minecraft:red_concrete":1,"minecraft:spawner":5,"minecraft:spruce_stairs":1,"minecraft:hay_block":3,"minecraft:jungle_wood":4,"minecraft:furnace":1,"minecraft:bookshelf":6},"minecraft:crafted":{"minecraft:crafting_table":1,"minecraft:iron_helmet":1,"minecraft:iron_sword":1,"scalinghealth:heart_crystal":1,"minecraft:bread":9,"minecraft:air":69,"minecraft:jungle_planks":10,"minecraft:iron_boots":1,"minecraft:shield":1,"minecraft:iron_axe":1,"minecraft:stick":1,"minecraft:iron_ingot":16,"minecraft:iron_pickaxe":1,"minecraft:iron_leggings":1,"scalinghealth:power_crystal":1,"minecraft:wheat":3},"minecraft:killed":{"born_in_chaos_v1:spiritof_chaos":1,"minecraft:husk":10,"born_in_chaos_v1:restless_spirit":1,"minecraft:spider":2,"minecraft:hoglin":5,"born_in_chaos_v1:zombie_bruiser":1,"born_in_chaos_v1:maggot":3,"minecraft:skeleton":1,"minecraft:zombie":2,"born_in_chaos_v1:dread_hound":2,"alexsmobs:roadrunner":1,"minecraft:wither_skeleton":5}},"DataVersion":3465}