{"stats":{"minecraft:used":{"minecraft:apple":2,"minecraft:dead_bush":1,"minecraft:iron_axe":3,"minecraft:iron_pickaxe":1,"minecraft:iron_sword":28,"minecraft:crafting_table":1,"minecraft:crossbow":15,"alexsmobs:animal_dictionary":2},"minecraft:custom":{"minecraft:time_since_rest":2732,"minecraft:sprint_one_cm":51340,"minecraft:damage_taken":2437,"minecraft:walk_one_cm":43043,"minecraft:mob_kills":12,"minecraft:damage_dealt":1639,"minecraft:interact_with_crafting_table":4,"minecraft:fly_one_cm":135986,"minecraft:open_barrel":5,"minecraft:open_chest":4,"minecraft:crouch_one_cm":115,"minecraft:play_time":17344,"tombstone:undead_killed":8,"minecraft:deaths":6,"minecraft:sneak_time":14,"minecraft:jump":550,"minecraft:damage_dealt_resisted":194,"minecraft:leave_game":1,"minecraft:time_since_death":3157,"minecraft:total_world_time":17344,"minecraft:climb_one_cm":8488,"minecraft:fall_one_cm":16158},"minecraft:picked_up":{"born_in_chaos_v1:corpse_maggot":1,"minecraft:stick":5,"minecraft:crafting_table":1,"minecraft:chainmail_boots":1,"born_in_chaos_v1:monster_flesh":2,"minecraft:flower_pot":1,"minecraft:leather":1,"minecraft:jungle_wood":4,"born_in_chaos_v1:ethereal_spirit":1,"paraglider:spirit_orb":2,"minecraft:porkchop":2,"minecraft:brick":3,"tombstone:grave_dust":1,"born_in_chaos_v1:pieceofdarkmetal":2,"minecraft:dead_bush":1,"minecraft:stone_sword":1,"minecraft:bone":2,"minecraft:rotten_flesh":4,"minecraft:hay_block":3,"minecraft:iron_ingot":1,"scalinghealth:power_crystal_shard":11,"born_in_chaos_v1:gnawed_bones":1,"alexsmobs:maggot":2,"minecraft:plenty_pottery_sherd":1},"minecraft:mined":{"minecraft:hay_block":3,"minecraft:jungle_wood":4,"minecraft:crafting_table":1,"minecraft:potted_dead_bush":1,"minecraft:decorated_pot":1,"minecraft:dead_bush":5,"minecraft:rose_bush":1,"minecraft:spawner":1},"minecraft:crafted":{"minecraft:shield":1,"minecraft:iron_axe":1,"minecraft:crafting_table":1,"minecraft:stick":1,"minecraft:iron_ingot":5,"minecraft:iron_pickaxe":1,"minecraft:iron_sword":1,"minecraft:air":18,"minecraft:jungle_planks":10},"minecraft:killed":{"born_in_chaos_v1:spiritof_chaos":1,"minecraft:husk":6,"minecraft:zombie":1,"born_in_chaos_v1:dread_hound":1,"minecraft:hoglin":1,"born_in_chaos_v1:zombie_bruiser":1,"born_in_chaos_v1:maggot":1}},"DataVersion":3465}