{"stats":{"minecraft:custom":{"minecraft:interact_with_furnace":4,"minecraft:mob_kills":43,"minecraft:interact_with_crafting_table":11,"minecraft:open_barrel":14,"minecraft:damage_dealt_resisted":204,"minecraft:leave_game":1,"minecraft:time_since_death":14384,"minecraft:sleep_in_bed":2,"minecraft:climb_one_cm":13616,"minecraft:time_since_rest":4738,"minecraft:sprint_one_cm":156234,"minecraft:damage_taken":5842,"minecraft:walk_one_cm":149478,"minecraft:damage_blocked_by_shield":190,"minecraft:drop":32,"minecraft:damage_dealt":9431,"minecraft:fly_one_cm":335292,"minecraft:open_chest":13,"minecraft:crouch_one_cm":1648,"minecraft:play_time":53344,"tombstone:undead_killed":23,"minecraft:deaths":12,"minecraft:sneak_time":653,"minecraft:jump":1491,"minecraft:total_world_time":53344,"minecraft:fall_one_cm":46547},"minecraft:used":{"minecraft:cooked_mutton":1,"minecraft:dead_bush":1,"minecraft:chest":1,"minecraft:shield":10,"minecraft:iron_sword":125,"minecraft:mangrove_trapdoor":2,"scalinghealth:heart_crystal":1,"minecraft:crafting_table":5,"minecraft:red_bed":2,"minecraft:mushroom_stew":2,"minecraft:jungle_planks":3,"alexsmobs:cooked_kangaroo_meat":1,"minecraft:crossbow":15,"minecraft:cake":1,"minecraft:granite":1,"minecraft:stone_brick_slab":2,"minecraft:apple":2,"farmersdelight:tomato":1,"minecraft:iron_axe":69,"minecraft:bread":9,"minecraft:iron_pickaxe":39,"scalinghealth:power_crystal":1,"minecraft:item_frame":2,"minecraft:furnace":1,"minecraft:porkchop":12,"minecraft:chain":1,"tombstone:gift":3,"alexsmobs:animal_dictionary":2},"minecraft:dropped":{"farmersdelight:tomato_seeds":4,"minecraft:red_concrete":1,"alexsmobs:maggot":2,"minecraft:porkchop":1,"minecraft:mangrove_trapdoor":2,"minecraft:stone_sword":1,"minecraft:bowl":1,"alexsmobs:kangaroo_meat":1,"minecraft:wheat":1,"minecraft:sandstone_slab":2,"minecraft:plenty_pottery_sherd":2,"minecraft:cobblestone":1,"minecraft:spruce_stairs":1,"minecraft:cobweb":3,"minecraft:flower_pot":3,"born_in_chaos_v1:corpse_maggot":3,"minecraft:golden_sword":1,"minecraft:slime_ball":2,"minecraft:blue_orchid":2,"minecraft:brick":6},"minecraft:broken":{"minecraft:chainmail_boots":1},"minecraft:picked_up":{"born_in_chaos_v1:corpse_maggot":3,"minecraft:crafting_table":7,"minecraft:wheat":1,"minecraft:sandstone_slab":2,"minecraft:chainmail_boots":1,"born_in_chaos_v1:monster_flesh":2,"minecraft:flower_pot":3,"minecraft:leather":2,"minecraft:jungle_wood":4,"alexsmobs:roadrunner_feather":1,"paraglider:spirit_orb":12,"minecraft:chain":1,"minecraft:golden_sword":2,"minecraft:brick":9,"farmersdelight:tomato":1,"scalinghealth:heart_crystal":1,"minecraft:string":1,"minecraft:red_bed":2,"minecraft:cooked_mutton":1,"minecraft:item_frame":2,"minecraft:bone":6,"minecraft:blue_orchid":2,"minecraft:iron_ingot":1,"scalinghealth:power_crystal_shard":17,"born_in_chaos_v1:gnawed_bones":2,"tombstone:bag_of_seeds":1,"minecraft:iron_pickaxe":1,"minecraft:coal_block":4,"minecraft:chest":2,"minecraft:furnace":1,"minecraft:book":24,"minecraft:raw_iron":7,"minecraft:stick":9,"scalinghealth:heart_crystal_shard":9,"minecraft:stone_brick_slab":2,"born_in_chaos_v1:ethereal_spirit":3,"minecraft:spruce_stairs":1,"farmersdelight:tomato_seeds":4,"minecraft:jungle_planks":3,"minecraft:porkchop":8,"minecraft:blast_furnace":2,"tombstone:grave_dust":2,"minecraft:dead_bush":1,"born_in_chaos_v1:pieceofdarkmetal":2,"minecraft:mangrove_trapdoor":4,"alexsmobs:kangaroo_hide":5,"minecraft:stone_sword":1,"minecraft:rotten_flesh":4,"minecraft:slime_ball":2,"minecraft:hay_block":3,"minecraft:granite":1,"alexsmobs:maggot":2,"minecraft:plenty_pottery_sherd":2,"minecraft:red_concrete":1,"minecraft:coal":12,"alexsmobs:kangaroo_meat":7,"minecraft:cobblestone":1},"minecraft:mined":{"minecraft:sandstone_slab":1,"minecraft:red_bed":2,"minecraft:stone_brick_slab":1,"minecraft:smooth_sandstone":1,"minecraft:crafting_table":8,"minecraft:potted_dead_bush":1,"minecraft:granite":1,"minecraft:blast_furnace":2,"minecraft:decorated_pot":1,"minecraft:jungle_planks":3,"minecraft:chest":2,"minecraft:rose_bush":1,"minecraft:dead_bush":8,"minecraft:mangrove_trapdoor":2,"minecraft:coal_block":4,"farmersdelight:wild_tomatoes":4,"minecraft:red_concrete":1,"minecraft:spawner":6,"minecraft:spruce_stairs":1,"minecraft:hay_block":3,"minecraft:jungle_wood":4,"minecraft:furnace":1,"minecraft:iron_ore":7,"minecraft:coal_ore":12,"minecraft:bookshelf":8,"minecraft:stripped_mangrove_wood":1,"minecraft:stone":1},"minecraft:crafted":{"minecraft:coal":4,"minecraft:crafting_table":1,"minecraft:iron_helmet":1,"alexsmobs:cooked_kangaroo_meat":1,"minecraft:iron_sword":1,"scalinghealth:heart_crystal":1,"minecraft:bread":9,"minecraft:air":105,"minecraft:jungle_planks":10,"minecraft:iron_boots":1,"minecraft:shield":1,"minecraft:iron_axe":1,"minecraft:stick":1,"minecraft:iron_ingot":16,"minecraft:iron_pickaxe":1,"minecraft:iron_leggings":1,"scalinghealth:power_crystal":1,"minecraft:wheat":3},"minecraft:killed":{"born_in_chaos_v1:spiritof_chaos":1,"minecraft:husk":13,"born_in_chaos_v1:restless_spirit":1,"minecraft:spider":2,"minecraft:hoglin":5,"born_in_chaos_v1:zombie_bruiser":1,"born_in_chaos_v1:maggot":3,"naturalist:snail":1,"minecraft:skeleton":2,"minecraft:zombie":2,"born_in_chaos_v1:dread_hound":2,"alexsmobs:roadrunner":1,"minecraft:wither_skeleton":5,"alexsmobs:kangaroo":4}},"DataVersion":3465}