{"stats":{"minecraft:killed_by":{"minecraft:husk":1,"minecraft:vex":1},"minecraft:used":{"minecraft:dead_bush":1,"minecraft:ladder":1,"nifty:orange":1,"minecraft:chest":2,"minecraft:shield":114,"minecraft:iron_sword":484,"minecraft:iron_chestplate":1,"minecraft:torch":82,"paraglider:goddess_statue":1,"minecraft:dirt":7,"scalinghealth:heart_crystal":1,"minecraft:jungle_planks":3,"minecraft:carrot":16,"alexsmobs:cooked_kangaroo_meat":1,"minecraft:granite":1,"paraglider:horned_statue":1,"minecraft:stone_brick_slab":2,"farmersdelight:tomato":1,"minecraft:iron_axe":92,"minecraft:iron_boots":1,"neapolitan:vanilla_fudge":6,"scalinghealth:power_crystal":1,"minecraft:smooth_basalt":10,"minecraft:item_frame":2,"minecraft:hay_block":1,"minecraft:furnace":1,"tombstone:gift":3,"minecraft:acacia_planks":17,"minecraft:wheat_seeds":37,"minecraft:cooked_mutton":1,"upgrade_aquatic:mulberry":4,"minecraft:mangrove_planks":4,"minecraft:blackstone":5,"minecraft:mangrove_trapdoor":2,"minecraft:crafting_table":11,"minecraft:red_bed":5,"minecraft:mushroom_stew":2,"minecraft:crossbow":15,"minecraft:cake":2,"minecraft:apple":2,"neapolitan:banana_bunch":8,"nifty:marble":2,"alexsmobs:kangaroo_meat":2,"minecraft:bread":22,"minecraft:iron_pickaxe":157,"tombstone:grave_key":3,"minecraft:cobblestone":9,"minecraft:porkchop":12,"minecraft:chain":1,"alexsmobs:animal_dictionary":2,"minecraft:experience_bottle":5},"minecraft:custom":{"minecraft:mob_kills":149,"minecraft:interact_with_crafting_table":30,"minecraft:open_barrel":25,"minecraft:bell_ring":2,"minecraft:damage_dealt_resisted":469,"minecraft:leave_game":1,"minecraft:time_since_death":746,"minecraft:climb_one_cm":16460,"minecraft:damage_resisted":335,"minecraft:sprint_one_cm":378377,"minecraft:walk_one_cm":438330,"minecraft:damage_blocked_by_shield":1523,"minecraft:drop":121,"minecraft:play_time":149344,"minecraft:deaths":21,"minecraft:sneak_time":3782,"minecraft:walk_under_water_one_cm":15403,"minecraft:jump":3918,"minecraft:interact_with_blast_furnace":1,"minecraft:walk_on_water_one_cm":22182,"minecraft:total_world_time":149344,"minecraft:interact_with_furnace":4,"tombstone:raider_killed":2,"minecraft:sleep_in_bed":2,"minecraft:time_since_rest":584,"minecraft:damage_taken":11993,"minecraft:trigger_trapped_chest":2,"minecraft:damage_dealt":26297,"minecraft:swim_one_cm":23432,"minecraft:fly_one_cm":642117,"minecraft:open_chest":26,"minecraft:crouch_one_cm":10526,"tombstone:undead_killed":65,"minecraft:interact_with_smoker":1,"minecraft:fall_one_cm":108524,"minecraft:horse_one_cm":687},"minecraft:dropped":{"farmersdelight:tomato_seeds":4,"minecraft:enchanted_book":1,"minecraft:iron_ingot":5,"minecraft:iron_sword":1,"born_in_chaos_v1:wood_splitter_axe":1,"born_in_chaos_v1:shattered_skull":2,"minecraft:porkchop":1,"minecraft:wheat_seeds":71,"minecraft:stripped_mangrove_wood":4,"minecraft:mangrove_trapdoor":2,"minecraft:crafting_table":1,"alexsmobs:kangaroo_meat":1,"minecraft:iron_helmet":1,"minecraft:feather":9,"minecraft:plenty_pottery_sherd":2,"minecraft:sandstone_slab":2,"minecraft:crossbow":1,"minecraft:cobblestone":2,"scalinghealth:heart_crystal_shard":1,"minecraft:mangrove_planks":4,"born_in_chaos_v1:soul_cutlass":1,"minecraft:spruce_stairs":1,"born_in_chaos_v1:pumpkin_staff":1,"minecraft:emerald":2,"born_in_chaos_v1:monster_flesh":2,"minecraft:cobweb":3,"minecraft:red_bed":1,"nifty:marble":1,"scalinghealth:heart_crystal":8,"born_in_chaos_v1:fused_bone":1,"tombstone:grave_dust":5,"minecraft:iron_leggings":1,"minecraft:bone_meal":3,"minecraft:iron_pickaxe":1,"sons_of_sins:flesh_of_demise":1,"minecraft:bone":3,"minecraft:red_concrete":1,"minecraft:blackstone":5,"alexsmobs:maggot":2,"alexsmobs:gazelle_horn":1,"born_in_chaos_v1:fire_dust":1,"minecraft:stone_sword":1,"minecraft:bowl":1,"minecraft:wheat":3,"minecraft:white_carpet":3,"minecraft:rotten_flesh":7,"minecraft:iron_boots":1,"alexsmobs:kangaroo_hide":5,"minecraft:shield":1,"minecraft:flower_pot":3,"minecraft:iron_chestplate":2,"born_in_chaos_v1:corpse_maggot":6,"born_in_chaos_v1:diamond_termite_shard":3,"minecraft:golden_sword":1,"minecraft:slime_ball":2,"minecraft:arrow":2,"minecraft:blue_orchid":2,"minecraft:brick":6},"minecraft:broken":{"minecraft:iron_boots":1,"minecraft:iron_chestplate":1,"minecraft:iron_leggings":1,"minecraft:chainmail_boots":1},"minecraft:picked_up":{"minecraft:ladder":1,"born_in_chaos_v1:diamond_termite_shard":3,"minecraft:crafting_table":10,"minecraft:wheat":42,"minecraft:sandstone_slab":2,"minecraft:chainmail_boots":1,"minecraft:flower_pot":3,"born_in_chaos_v1:seedof_chaos":1,"alexsmobs:roadrunner_feather":1,"minecraft:white_carpet":3,"minecraft:blackstone":10,"minecraft:chain":1,"minecraft:brick":9,"minecraft:golden_sword":2,"alexsmobs:gazelle_horn":1,"paraglider:goddess_statue":2,"minecraft:string":10,"minecraft:red_bed":6,"born_in_chaos_v1:intoxicating_decoction":2,"minecraft:item_frame":2,"neapolitan:banana_bunch":4,"minecraft:blue_orchid":2,"upgrade_aquatic:river_log":1,"born_in_chaos_v1:gnawed_bones":2,"minecraft:iron_pickaxe":1,"upgrade_aquatic:mulberry":3,"minecraft:coal_block":4,"minecraft:chest":2,"minecraft:furnace":1,"minecraft:stick":9,"minecraft:raw_iron":37,"minecraft:stripped_mangrove_wood":6,"born_in_chaos_v1:shattered_skull":2,"mowziesmobs:sol_visage":1,"minecraft:acacia_log":4,"minecraft:torch":2,"minecraft:spruce_stairs":1,"minecraft:porkchop":8,"farmersdelight:tomato_seeds":4,"tombstone:grave_dust":3,"born_in_chaos_v1:pieceofdarkmetal":7,"minecraft:mangrove_trapdoor":4,"mowziesmobs:umvuthana_mask_faith":2,"neapolitan:banana":1,"minecraft:arrow":2,"minecraft:stone_sword":1,"minecraft:rotten_flesh":11,"born_in_chaos_v1:wood_splitter_axe":1,"minecraft:hay_block":4,"mowziesmobs:umvuthana_mask_bliss":3,"paraglider:horned_statue":2,"alexsmobs:kangaroo_meat":9,"minecraft:cobblestone":11,"born_in_chaos_v1:fused_bone":1,"benssharks:silverfish":23,"born_in_chaos_v1:corpse_maggot":7,"minecraft:feather":7,"born_in_chaos_v1:pumpkin_staff":1,"born_in_chaos_v1:monster_flesh":2,"minecraft:leather":4,"minecraft:jungle_wood":4,"paraglider:spirit_orb":16,"scalinghealth:heart_crystal":12,"minecraft:dirt":7,"farmersdelight:tomato":1,"neapolitan:vanilla_pods":10,"born_in_chaos_v1:monster_skin":1,"minecraft:cooked_mutton":1,"nifty:marble":3,"minecraft:bone":9,"minecraft:acacia_planks":17,"born_in_chaos_v1:soul_cutlass":1,"mowziesmobs:umvuthana_mask_rage":1,"minecraft:wheat_seeds":108,"minecraft:iron_ingot":5,"scalinghealth:power_crystal_shard":17,"tombstone:bag_of_seeds":1,"minecraft:iron_sword":1,"mowziesmobs:umvuthana_mask_misery":1,"minecraft:book":24,"scalinghealth:heart_crystal_shard":10,"minecraft:smooth_basalt":10,"minecraft:stone_brick_slab":2,"born_in_chaos_v1:ethereal_spirit":5,"born_in_chaos_v1:dark_rod":1,"minecraft:jungle_planks":3,"minecraft:blast_furnace":6,"minecraft:dead_bush":1,"sons_of_sins:flesh_of_demise":1,"minecraft:bundle":1,"alexsmobs:kangaroo_hide":5,"minecraft:slime_ball":2,"born_in_chaos_v1:fire_dust":1,"minecraft:crossbow":1,"minecraft:granite":1,"minecraft:bone_meal":3,"minecraft:emerald":1,"alexsmobs:maggot":2,"tombstone:magic_scroll":1,"minecraft:plenty_pottery_sherd":2,"minecraft:red_concrete":1,"minecraft:coal":14},"minecraft:mined":{"minecraft:dark_prismarine":14,"upgrade_aquatic:river_log":1,"minecraft:acacia_log":4,"minecraft:infested_cobblestone":1,"minecraft:potted_dead_bush":1,"minecraft:granite":1,"minecraft:dark_oak_fence":2,"minecraft:grass_block":4,"minecraft:decorated_pot":1,"minecraft:jungle_planks":3,"minecraft:coal_block":4,"minecraft:mangrove_trapdoor":2,"minecraft:spawner":8,"minecraft:hay_block":3,"neapolitan:banana_bundle":1,"minecraft:furnace":1,"upgrade_aquatic:mulberry_vine":2,"minecraft:iron_ore":38,"minecraft:andesite":1,"minecraft:bookshelf":8,"minecraft:iron_bars":1,"minecraft:stone":32,"minecraft:stripped_mangrove_wood":7,"neapolitan:vanilla_vine":2,"minecraft:sandstone_slab":1,"minecraft:mangrove_stairs":1,"minecraft:blackstone":6,"minecraft:red_bed":5,"minecraft:stone_brick_slab":1,"minecraft:smooth_sandstone":1,"minecraft:crafting_table":10,"minecraft:torch":3,"minecraft:blast_furnace":6,"minecraft:chest":2,"minecraft:dead_bush":8,"minecraft:rose_bush":1,"minecraft:stone_slab":1,"minecraft:tall_grass":2,"minecraft:cyan_bed":1,"farmersdelight:wild_tomatoes":4,"minecraft:red_concrete":1,"minecraft:wall_torch":1,"minecraft:spruce_stairs":1,"minecraft:jungle_wood":4,"paraglider:horned_statue":2,"minecraft:wheat":37,"minecraft:tnt":1,"minecraft:dark_prismarine_slab":1,"minecraft:grass":30,"minecraft:coal_ore":12,"neapolitan:vanilla_vine_plant":5,"minecraft:dirt":3,"structure_gel:dynamic_spawner":5,"minecraft:cobweb":3,"minecraft:smooth_basalt":11,"nifty:marble":2,"minecraft:acacia_planks":3,"minecraft:small_dripleaf":1,"paraglider:goddess_statue":2},"minecraft:crafted":{"minecraft:coal":4,"minecraft:iron_boots":3,"minecraft:iron_axe":1,"scalinghealth:power_crystal":1,"minecraft:wheat":3,"minecraft:crafting_table":2,"minecraft:iron_helmet":2,"alexsmobs:cooked_kangaroo_meat":1,"minecraft:iron_sword":2,"upgrade_aquatic:river_planks":1,"scalinghealth:heart_crystal":1,"minecraft:mangrove_planks":5,"minecraft:bread":22,"minecraft:air":252,"minecraft:jungle_planks":10,"minecraft:iron_chestplate":3,"minecraft:shield":2,"minecraft:stick":5,"minecraft:iron_ingot":16,"minecraft:iron_pickaxe":1,"minecraft:iron_leggings":2,"minecraft:acacia_planks":4,"minecraft:torch":23},"minecraft:killed":{"minecraft:vex":3,"born_in_chaos_v1:zombie_clown":1,"naturalist:lion":1,"born_in_chaos_v1:restless_spirit":1,"creeperoverhaul:beach_creeper":1,"mowziesmobs:umvuthi":1,"minecraft:spider":10,"born_in_chaos_v1:zombie_bruiser":1,"born_in_chaos_v1:maggot":11,"naturalist:snail":1,"minecraft:skeleton":9,"mowziesmobs:umvuthana_crane":2,"realmrpg_demons:chort":3,"minecraft:silverfish":22,"born_in_chaos_v1:corpse_fish":1,"born_in_chaos_v1:firelight_not_despawn":1,"alexsmobs:kangaroo":5,"mowziesmobs:umvuthana":2,"born_in_chaos_v1:spiritof_chaos":1,"born_in_chaos_v1:fallen_chaos_knight":2,"minecraft:husk":19,"born_in_chaos_v1:diamond_termite":1,"minecraft:iron_golem":1,"minecraft:hoglin":5,"born_in_chaos_v1:decrepit_skeleton":3,"born_in_chaos_v1:zombie_fisherman":1,"minecraft:pillager":2,"sons_of_sins:betrayed_guzzler":1,"minecraft:zombie":24,"born_in_chaos_v1:dread_hound":3,"born_in_chaos_v1:corpse_fly":1,"born_in_chaos_v1:dark_vortex":1,"alexsmobs:roadrunner":1,"minecraft:wither_skeleton":5}},"DataVersion":3465}