{"stats":{"minecraft:used":{"minecraft:ladder":1,"minecraft:chest":2,"minecraft:shield":199,"minecraft:iron_sword":630,"minecraft:rotten_flesh":5,"minecraft:iron_chestplate":1,"paraglider:goddess_statue":1,"minecraft:mutton":2,"minecraft:jungle_planks":3,"minecraft:carrot":16,"minecraft:tuff":2,"farmersdelight:tomato":1,"neapolitan:vanilla_fudge":6,"minecraft:item_frame":2,"benssharks:silverfish":23,"minecraft:hay_block":1,"minecraft:furnace":1,"upgrade_aquatic:mulberry":4,"minecraft:mangrove_planks":4,"minecraft:blackstone":5,"minecraft:mushroom_stew":2,"minecraft:blast_furnace":1,"minecraft:acacia_leaves":2,"minecraft:crossbow":15,"neapolitan:banana_bunch":8,"minecraft:bread":22,"tombstone:grave_key":7,"minecraft:chain":1,"minecraft:experience_bottle":5,"minecraft:dead_bush":1,"nifty:orange":1,"minecraft:torch":95,"minecraft:dirt":7,"minecraft:spyglass":10,"scalinghealth:heart_crystal":2,"alexsmobs:cooked_kangaroo_meat":1,"minecraft:granite":5,"minecraft:stone_brick_slab":2,"paraglider:horned_statue":1,"minecraft:iron_axe":175,"minecraft:iron_boots":2,"scalinghealth:power_crystal":1,"minecraft:smooth_basalt":10,"tombstone:gift":3,"minecraft:acacia_planks":19,"minecraft:wheat_seeds":37,"minecraft:cooked_mutton":1,"minecraft:terracotta":23,"minecraft:mangrove_trapdoor":2,"minecraft:crafting_table":15,"minecraft:red_bed":8,"neapolitan:banana":1,"minecraft:cake":2,"minecraft:apple":2,"nifty:marble":2,"born_in_chaos_v1:black_argillite_column":8,"minecraft:iron_pickaxe":228,"alexsmobs:kangaroo_meat":2,"minecraft:cobblestone":9,"minecraft:porkchop":12,"alexsmobs:animal_dictionary":2},"minecraft:custom":{"minecraft:interact_with_crafting_table":49,"minecraft:open_barrel":30,"minecraft:bell_ring":2,"minecraft:leave_game":4,"minecraft:time_since_death":1536,"minecraft:damage_resisted":703,"minecraft:sprint_one_cm":481251,"minecraft:damage_blocked_by_shield":3008,"minecraft:drop":180,"minecraft:play_time":223002,"minecraft:deaths":27,"minecraft:jump":6063,"minecraft:walk_on_water_one_cm":22182,"minecraft:interact_with_furnace":4,"minecraft:sleep_in_bed":3,"minecraft:damage_dealt":39061,"minecraft:crouch_one_cm":15274,"tombstone:undead_killed":87,"minecraft:interact_with_smoker":1,"minecraft:horse_one_cm":687,"minecraft:mob_kills":218,"minecraft:damage_dealt_resisted":1308,"minecraft:climb_one_cm":17297,"minecraft:walk_one_cm":636197,"minecraft:sneak_time":5257,"minecraft:walk_under_water_one_cm":15403,"minecraft:interact_with_blast_furnace":4,"minecraft:total_world_time":223002,"spartanshields:shield_bash_hits":2,"tombstone:raider_killed":2,"minecraft:time_since_rest":1200,"minecraft:damage_taken":17196,"minecraft:trigger_trapped_chest":2,"minecraft:swim_one_cm":23432,"minecraft:fly_one_cm":959800,"minecraft:open_chest":52,"minecraft:fall_one_cm":183206},"minecraft:killed":{"born_in_chaos_v1:zombie_clown":1,"born_in_chaos_v1:restless_spirit":1,"creeperoverhaul:beach_creeper":1,"mowziesmobs:umvuthi":2,"minecraft:spider":12,"born_in_chaos_v1:siamese_skeletonsright":1,"born_in_chaos_v1:baby_skeleton_minion":1,"naturalist:snail":1,"minecraft:skeleton":10,"mowziesmobs:umvuthana_crane":13,"realmrpg_demons:chort":5,"born_in_chaos_v1:skeleton_thrasher":1,"minecraft:silverfish":22,"born_in_chaos_v1:firelight_not_despawn":1,"alexsmobs:kangaroo":5,"born_in_chaos_v1:bonescaller":1,"born_in_chaos_v1:diamond_termite":1,"minecraft:iron_golem":1,"naturalist:rhino":2,"born_in_chaos_v1:zombie_fisherman":1,"minecraft:pillager":2,"minecraft:zombie":31,"born_in_chaos_v1:dread_hound":4,"born_in_chaos_v1:corpse_fly":1,"alexsmobs:roadrunner":1,"born_in_chaos_v1:siamese_skeletonsleft":1,"naturalist:lion":1,"minecraft:vex":5,"minecraft:slime":10,"born_in_chaos_v1:zombie_bruiser":4,"born_in_chaos_v1:maggot":11,"born_in_chaos_v1:corpse_fish":1,"mowziesmobs:umvuthana":7,"born_in_chaos_v1:spiritof_chaos":2,"born_in_chaos_v1:fallen_chaos_knight":2,"minecraft:husk":19,"born_in_chaos_v1:baby_skeleton":3,"minecraft:hoglin":5,"alexsmobs:rhinoceros":2,"born_in_chaos_v1:decrepit_skeleton":6,"sons_of_sins:betrayed_guzzler":1,"alexsmobs:gazelle":5,"born_in_chaos_v1:dark_vortex":1,"minecraft:wither_skeleton":5,"creeperoverhaul:savannah_creeper":1},"minecraft:crafted":{"minecraft:oak_planks":4,"minecraft:iron_boots":4,"minecraft:chest":2,"scalinghealth:power_crystal":1,"sophisticatedbackpacks:backpack":2,"minecraft:crafting_table":3,"minecraft:iron_helmet":2,"minecraft:gold_block":7,"minecraft:iron_chestplate":4,"minecraft:shield":3,"minecraft:stick":6,"minecraft:iron_ingot":54,"minecraft:iron_pickaxe":1,"minecraft:gold_ingot":2,"minecraft:coal":4,"minecraft:iron_axe":2,"minecraft:dark_oak_planks":2,"minecraft:wheat":3,"sophisticatedbackpacks:iron_backpack":2,"paraglider:paraglider":1,"alexsmobs:cooked_kangaroo_meat":1,"minecraft:iron_sword":3,"upgrade_aquatic:river_planks":1,"minecraft:mangrove_planks":5,"sophisticatedbackpacks:gold_backpack":2,"scalinghealth:heart_crystal":1,"minecraft:bread":22,"minecraft:air":308,"minecraft:jungle_planks":10,"minecraft:iron_leggings":3,"minecraft:acacia_planks":8,"minecraft:torch":23},"minecraft:picked_up":{"minecraft:wheat":42,"minecraft:chainmail_boots":1,"minecraft:flower_pot":3,"minecraft:golden_sword":2,"born_in_chaos_v1:black_argillite":1,"alexsmobs:gazelle_horn":4,"paraglider:goddess_statue":2,"minecraft:string":12,"neapolitan:banana_bunch":4,"upgrade_aquatic:river_log":1,"minecraft:redstone_torch":7,"minecraft:iron_pickaxe":1,"minecraft:coal_block":4,"upgrade_aquatic:mulberry":3,"minecraft:furnace":1,"minecraft:stick":11,"born_in_chaos_v1:shattered_skull":3,"mowziesmobs:sol_visage":2,"minecraft:torch":3,"minecraft:acacia_log":6,"minecraft:spruce_stairs":1,"minecraft:porkchop":8,"tombstone:grave_dust":6,"minecraft:pointed_dripstone":1,"minecraft:stone_sword":1,"neapolitan:banana":1,"minecraft:rotten_flesh":19,"minecraft:cobblestone":11,"benssharks:silverfish":23,"minecraft:feather":28,"minecraft:acacia_leaves":2,"minecraft:jungle_wood":4,"paraglider:spirit_orb":16,"minecraft:tuff":2,"born_in_chaos_v1:black_argillite_button":1,"farmersdelight:tomato":1,"minecraft:dirt":7,"born_in_chaos_v1:monster_skin":2,"minecraft:bone":20,"minecraft:acacia_planks":20,"minecraft:wheat_seeds":108,"minecraft:jungle_planks":3,"minecraft:dead_bush":1,"minecraft:dark_oak_log":2,"minecraft:mossy_cobblestone":2,"sons_of_sins:flesh_of_demise":1,"minecraft:bundle":1,"alexsmobs:kangaroo_hide":5,"born_in_chaos_v1:fire_dust":1,"minecraft:diamond":2,"minecraft:crossbow":1,"minecraft:granite":8,"minecraft:bone_meal":3,"minecraft:emerald":1,"alexsmobs:maggot":2,"minecraft:plenty_pottery_sherd":2,"born_in_chaos_v1:diamond_termite_shard":3,"minecraft:crafting_table":13,"minecraft:sandstone_slab":2,"minecraft:ladder":1,"born_in_chaos_v1:seedof_chaos":3,"alexsmobs:roadrunner_feather":1,"minecraft:gold_block":8,"minecraft:chain":1,"minecraft:brick":9,"born_in_chaos_v1:black_argillite_column":16,"minecraft:red_bed":9,"minecraft:white_carpet":4,"born_in_chaos_v1:intoxicating_decoction":2,"minecraft:item_frame":2,"born_in_chaos_v1:black_argillite_brick":7,"minecraft:blackstone":10,"minecraft:blue_orchid":2,"born_in_chaos_v1:gnawed_bones":2,"minecraft:chest":2,"minecraft:raw_iron":37,"minecraft:stripped_mangrove_wood":6,"farmersdelight:tomato_seeds":4,"born_in_chaos_v1:pieceofdarkmetal":12,"minecraft:mangrove_trapdoor":4,"mowziesmobs:umvuthana_mask_faith":11,"minecraft:arrow":2,"born_in_chaos_v1:wood_splitter_axe":1,"minecraft:hay_block":4,"mowziesmobs:umvuthana_mask_bliss":3,"paraglider:horned_statue":2,"minecraft:mutton":2,"alexsmobs:kangaroo_meat":9,"born_in_chaos_v1:fused_bone":2,"born_in_chaos_v1:corpse_maggot":8,"born_in_chaos_v1:monster_flesh":3,"born_in_chaos_v1:pumpkin_staff":1,"minecraft:leather":8,"minecraft:oak_log":4,"scalinghealth:heart_crystal":16,"neapolitan:vanilla_pods":12,"minecraft:cooked_mutton":1,"nifty:marble":3,"born_in_chaos_v1:soul_cutlass":1,"mowziesmobs:umvuthana_mask_rage":3,"minecraft:iron_ingot":6,"born_in_chaos_v1:chipped_black_argillite_brick":1,"scalinghealth:power_crystal_shard":17,"tombstone:bag_of_seeds":1,"minecraft:iron_sword":1,"mowziesmobs:umvuthana_mask_misery":1,"minecraft:book":24,"scalinghealth:heart_crystal_shard":21,"minecraft:smooth_basalt":10,"minecraft:stone_brick_slab":2,"born_in_chaos_v1:ethereal_spirit":6,"born_in_chaos_v1:dark_rod":1,"minecraft:blast_furnace":7,"minecraft:slime_ball":9,"born_in_chaos_v1:black_argillite_brick_slab":2,"minecraft:iron_helmet":1,"minecraft:terracotta":23,"tombstone:magic_scroll":1,"minecraft:red_concrete":1,"minecraft:coal":49},"minecraft:broken":{"minecraft:iron_boots":2,"minecraft:iron_chestplate":2,"minecraft:iron_leggings":2,"minecraft:chainmail_boots":1,"minecraft:iron_sword":1,"minecraft:shield":1,"minecraft:iron_axe":1},"minecraft:mined":{"minecraft:potted_dead_bush":1,"minecraft:granite":4,"minecraft:acacia_log":4,"minecraft:grass_block":4,"born_in_chaos_v1:dark_metal_deposit":3,"minecraft:infested_cobblestone":1,"minecraft:coal_block":4,"minecraft:spawner":8,"minecraft:fire":4,"born_in_chaos_v1:black_argillite_brick_slab":1,"minecraft:iron_ore":38,"upgrade_aquatic:mulberry_vine":2,"minecraft:iron_bars":1,"minecraft:stripped_mangrove_wood":7,"minecraft:sandstone_slab":1,"minecraft:blackstone":6,"minecraft:red_bed":8,"minecraft:torch":4,"minecraft:blast_furnace":7,"minecraft:chest":2,"minecraft:dead_bush":8,"minecraft:cyan_bed":1,"minecraft:wall_torch":1,"minecraft:jungle_wood":4,"paraglider:horned_statue":2,"minecraft:wheat":37,"minecraft:tnt":1,"born_in_chaos_v1:black_argillite_brick":8,"minecraft:grass":47,"minecraft:oak_log":4,"minecraft:dirt":3,"structure_gel:dynamic_spawner":5,"minecraft:smooth_basalt":11,"minecraft:oak_leaves":2,"minecraft:dark_prismarine":14,"upgrade_aquatic:river_log":1,"minecraft:mossy_cobblestone":1,"minecraft:deepslate_diamond_ore":2,"minecraft:dark_oak_log":2,"minecraft:dark_oak_fence":2,"born_in_chaos_v1:black_argillite":1,"minecraft:decorated_pot":1,"minecraft:jungle_planks":3,"minecraft:crimson_roots":1,"minecraft:mangrove_trapdoor":2,"minecraft:hay_block":3,"born_in_chaos_v1:black_argillite_column":16,"neapolitan:banana_bundle":1,"minecraft:furnace":1,"minecraft:andesite":1,"minecraft:gold_block":8,"minecraft:bookshelf":8,"minecraft:stone":32,"neapolitan:vanilla_vine":2,"minecraft:mangrove_stairs":1,"minecraft:stone_brick_slab":1,"minecraft:smooth_sandstone":1,"minecraft:crafting_table":13,"minecraft:rose_bush":1,"minecraft:stone_slab":1,"minecraft:tall_grass":2,"born_in_chaos_v1:chipped_black_argillite_brick":1,"farmersdelight:wild_tomatoes":4,"minecraft:red_concrete":1,"minecraft:spruce_stairs":1,"minecraft:redstone_torch":1,"minecraft:dark_prismarine_slab":1,"minecraft:coal_ore":12,"neapolitan:vanilla_vine_plant":6,"minecraft:cobweb":3,"nifty:marble":2,"minecraft:terracotta":24,"minecraft:acacia_planks":6,"minecraft:small_dripleaf":1,"paraglider:goddess_statue":2},"minecraft:killed_by":{"mowziesmobs:umvuthi":2,"minecraft:vex":1,"minecraft:husk":1},"minecraft:dropped":{"minecraft:iron_sword":1,"minecraft:porkchop":1,"minecraft:stripped_mangrove_wood":4,"minecraft:crafting_table":1,"alexsmobs:kangaroo_meat":1,"minecraft:crossbow":1,"minecraft:sandstone_slab":2,"minecraft:mangrove_planks":4,"minecraft:emerald":2,"sophisticatedbackpacks:gold_backpack":2,"born_in_chaos_v1:monster_flesh":2,"minecraft:red_bed":1,"born_in_chaos_v1:monster_skin":1,"minecraft:bone_meal":3,"born_in_chaos_v1:black_argillite_brick":7,"minecraft:iron_pickaxe":1,"sons_of_sins:flesh_of_demise":1,"minecraft:bone":9,"minecraft:blackstone":5,"alexsmobs:gazelle_horn":4,"minecraft:iron_nugget":7,"born_in_chaos_v1:fire_dust":1,"minecraft:wheat":3,"minecraft:rotten_flesh":10,"alexsmobs:kangaroo_hide":5,"born_in_chaos_v1:chipped_black_argillite_brick":1,"born_in_chaos_v1:corpse_maggot":8,"born_in_chaos_v1:diamond_termite_shard":3,"minecraft:arrow":2,"farmersdelight:tomato_seeds":4,"minecraft:enchanted_book":1,"minecraft:iron_ingot":5,"born_in_chaos_v1:wood_splitter_axe":1,"minecraft:wheat_seeds":71,"born_in_chaos_v1:shattered_skull":2,"minecraft:mangrove_trapdoor":2,"minecraft:mossy_cobblestone":2,"minecraft:plenty_pottery_sherd":2,"minecraft:feather":33,"minecraft:iron_helmet":2,"minecraft:cobblestone":2,"scalinghealth:heart_crystal_shard":4,"minecraft:granite":3,"born_in_chaos_v1:black_argillite_brick_slab":2,"minecraft:spruce_stairs":1,"born_in_chaos_v1:soul_cutlass":1,"minecraft:acacia_log":1,"minecraft:stick":1,"minecraft:cobweb":3,"born_in_chaos_v1:pumpkin_staff":1,"neapolitan:vanilla_pods":2,"born_in_chaos_v1:black_argillite":1,"nifty:marble":1,"scalinghealth:heart_crystal":11,"born_in_chaos_v1:fused_bone":2,"tombstone:grave_dust":5,"minecraft:iron_leggings":1,"minecraft:acacia_planks":3,"minecraft:red_concrete":1,"alexsmobs:maggot":2,"minecraft:stone_sword":1,"minecraft:bowl":1,"minecraft:white_carpet":4,"born_in_chaos_v1:black_argillite_button":1,"minecraft:iron_boots":1,"minecraft:shield":1,"minecraft:flower_pot":3,"minecraft:iron_chestplate":2,"born_in_chaos_v1:black_argillite_column":8,"minecraft:golden_sword":1,"minecraft:redstone_torch":7,"minecraft:slime_ball":2,"minecraft:blue_orchid":2,"minecraft:brick":6}},"DataVersion":3465}