{"stats":{"minecraft:killed_by":{"minecraft:husk":1},"minecraft:used":{"minecraft:dead_bush":1,"minecraft:chest":1,"minecraft:shield":10,"minecraft:iron_sword":174,"minecraft:torch":2,"scalinghealth:heart_crystal":1,"minecraft:jungle_planks":3,"minecraft:carrot":5,"alexsmobs:cooked_kangaroo_meat":1,"minecraft:granite":1,"minecraft:stone_brick_slab":2,"farmersdelight:tomato":1,"minecraft:iron_axe":74,"scalinghealth:power_crystal":1,"minecraft:item_frame":2,"minecraft:furnace":1,"tombstone:gift":3,"minecraft:cooked_mutton":1,"minecraft:mangrove_planks":4,"minecraft:mangrove_trapdoor":2,"minecraft:crafting_table":6,"minecraft:red_bed":2,"minecraft:mushroom_stew":2,"minecraft:crossbow":15,"minecraft:cake":2,"minecraft:apple":2,"minecraft:bread":9,"minecraft:iron_pickaxe":60,"minecraft:porkchop":12,"minecraft:chain":1,"alexsmobs:animal_dictionary":2},"minecraft:custom":{"minecraft:mob_kills":49,"minecraft:interact_with_crafting_table":11,"minecraft:open_barrel":14,"minecraft:damage_dealt_resisted":204,"minecraft:leave_game":1,"minecraft:time_since_death":220,"minecraft:climb_one_cm":14694,"minecraft:sprint_one_cm":162229,"minecraft:walk_one_cm":186708,"minecraft:damage_blocked_by_shield":190,"minecraft:drop":41,"minecraft:play_time":65344,"minecraft:deaths":14,"minecraft:sneak_time":1534,"minecraft:jump":1597,"minecraft:interact_with_blast_furnace":1,"minecraft:walk_on_water_one_cm":88,"minecraft:total_world_time":65344,"minecraft:interact_with_furnace":4,"minecraft:sleep_in_bed":2,"minecraft:time_since_rest":219,"minecraft:damage_taken":6806,"minecraft:damage_dealt":12350,"minecraft:fly_one_cm":338773,"minecraft:open_chest":16,"minecraft:crouch_one_cm":3714,"tombstone:undead_killed":29,"minecraft:fall_one_cm":48202},"minecraft:dropped":{"farmersdelight:tomato_seeds":4,"minecraft:porkchop":1,"minecraft:stripped_mangrove_wood":4,"minecraft:mangrove_trapdoor":2,"alexsmobs:kangaroo_meat":1,"minecraft:plenty_pottery_sherd":2,"minecraft:sandstone_slab":2,"minecraft:crossbow":1,"minecraft:cobblestone":1,"minecraft:mangrove_planks":4,"minecraft:spruce_stairs":1,"minecraft:cobweb":3,"minecraft:red_concrete":1,"alexsmobs:maggot":2,"minecraft:stone_sword":1,"minecraft:bowl":1,"minecraft:wheat":1,"minecraft:flower_pot":3,"born_in_chaos_v1:corpse_maggot":3,"minecraft:golden_sword":1,"minecraft:slime_ball":2,"minecraft:blue_orchid":2,"minecraft:brick":6},"minecraft:broken":{"minecraft:chainmail_boots":1},"minecraft:picked_up":{"minecraft:crafting_table":7,"minecraft:wheat":1,"minecraft:sandstone_slab":2,"minecraft:chainmail_boots":1,"minecraft:flower_pot":3,"alexsmobs:roadrunner_feather":1,"minecraft:chain":1,"minecraft:brick":9,"minecraft:golden_sword":2,"minecraft:string":1,"minecraft:red_bed":2,"minecraft:item_frame":2,"minecraft:blue_orchid":2,"born_in_chaos_v1:gnawed_bones":2,"minecraft:iron_pickaxe":1,"minecraft:coal_block":4,"minecraft:chest":2,"minecraft:furnace":1,"minecraft:stick":9,"minecraft:raw_iron":7,"minecraft:stripped_mangrove_wood":6,"minecraft:spruce_stairs":1,"minecraft:porkchop":8,"farmersdelight:tomato_seeds":4,"tombstone:grave_dust":2,"born_in_chaos_v1:pieceofdarkmetal":2,"minecraft:mangrove_trapdoor":4,"minecraft:stone_sword":1,"minecraft:rotten_flesh":4,"minecraft:hay_block":3,"alexsmobs:kangaroo_meat":7,"minecraft:cobblestone":1,"born_in_chaos_v1:corpse_maggot":4,"born_in_chaos_v1:monster_flesh":2,"minecraft:leather":2,"minecraft:jungle_wood":4,"paraglider:spirit_orb":14,"scalinghealth:heart_crystal":1,"farmersdelight:tomato":1,"minecraft:cooked_mutton":1,"minecraft:bone":6,"minecraft:iron_ingot":1,"scalinghealth:power_crystal_shard":17,"tombstone:bag_of_seeds":1,"minecraft:book":24,"scalinghealth:heart_crystal_shard":9,"minecraft:stone_brick_slab":2,"born_in_chaos_v1:ethereal_spirit":3,"minecraft:jungle_planks":3,"minecraft:blast_furnace":6,"minecraft:dead_bush":1,"alexsmobs:kangaroo_hide":5,"minecraft:slime_ball":2,"minecraft:crossbow":1,"minecraft:granite":1,"alexsmobs:maggot":2,"minecraft:plenty_pottery_sherd":2,"minecraft:red_concrete":1,"minecraft:coal":12},"minecraft:mined":{"minecraft:dark_prismarine":14,"minecraft:potted_dead_bush":1,"minecraft:granite":1,"minecraft:decorated_pot":1,"minecraft:jungle_planks":3,"minecraft:coal_block":4,"minecraft:mangrove_trapdoor":2,"minecraft:spawner":7,"minecraft:hay_block":3,"minecraft:furnace":1,"minecraft:iron_ore":7,"minecraft:bookshelf":8,"minecraft:stone":1,"minecraft:stripped_mangrove_wood":7,"minecraft:sandstone_slab":1,"minecraft:red_bed":2,"minecraft:stone_brick_slab":1,"minecraft:smooth_sandstone":1,"minecraft:crafting_table":8,"minecraft:blast_furnace":6,"minecraft:chest":2,"minecraft:dead_bush":8,"minecraft:rose_bush":1,"farmersdelight:wild_tomatoes":4,"minecraft:red_concrete":1,"minecraft:spruce_stairs":1,"minecraft:jungle_wood":4,"minecraft:dark_prismarine_slab":1,"minecraft:coal_ore":12},"minecraft:crafted":{"minecraft:coal":4,"minecraft:iron_boots":1,"minecraft:iron_axe":1,"scalinghealth:power_crystal":1,"minecraft:wheat":3,"minecraft:crafting_table":1,"minecraft:iron_helmet":1,"alexsmobs:cooked_kangaroo_meat":1,"minecraft:iron_sword":1,"scalinghealth:heart_crystal":1,"minecraft:mangrove_planks":5,"minecraft:bread":9,"minecraft:air":121,"minecraft:jungle_planks":10,"minecraft:shield":1,"minecraft:stick":1,"minecraft:iron_ingot":16,"minecraft:iron_pickaxe":1,"minecraft:iron_leggings":1,"minecraft:torch":3},"minecraft:killed":{"born_in_chaos_v1:restless_spirit":1,"minecraft:spider":2,"born_in_chaos_v1:zombie_bruiser":1,"born_in_chaos_v1:maggot":3,"naturalist:snail":1,"minecraft:skeleton":2,"alexsmobs:kangaroo":4,"born_in_chaos_v1:spiritof_chaos":1,"minecraft:husk":19,"minecraft:hoglin":5,"minecraft:zombie":2,"born_in_chaos_v1:dread_hound":2,"alexsmobs:roadrunner":1,"minecraft:wither_skeleton":5}},"DataVersion":3465}