{"stats":{"minecraft:used":{"minecraft:dead_bush":1,"minecraft:chest":1,"minecraft:shield":1,"minecraft:iron_sword":42,"minecraft:crafting_table":2,"minecraft:red_bed":1,"minecraft:jungle_planks":3,"minecraft:crossbow":15,"minecraft:apple":2,"minecraft:iron_axe":52,"minecraft:bread":5,"minecraft:iron_pickaxe":5,"tombstone:gift":3,"alexsmobs:animal_dictionary":2},"minecraft:custom":{"minecraft:mob_kills":23,"minecraft:interact_with_crafting_table":9,"minecraft:open_barrel":6,"minecraft:damage_dealt_resisted":194,"minecraft:leave_game":1,"minecraft:time_since_death":2356,"minecraft:sleep_in_bed":1,"minecraft:climb_one_cm":11180,"minecraft:time_since_rest":2225,"minecraft:sprint_one_cm":70814,"minecraft:damage_taken":3783,"minecraft:walk_one_cm":69480,"minecraft:damage_blocked_by_shield":20,"minecraft:drop":19,"minecraft:damage_dealt":4464,"minecraft:fly_one_cm":172564,"minecraft:open_chest":11,"minecraft:crouch_one_cm":1083,"minecraft:play_time":29344,"tombstone:undead_killed":15,"minecraft:deaths":9,"minecraft:sneak_time":334,"minecraft:jump":753,"minecraft:total_world_time":29344,"minecraft:fall_one_cm":21846},"minecraft:dropped":{"alexsmobs:maggot":2,"minecraft:stone_sword":1,"minecraft:wheat":1,"minecraft:plenty_pottery_sherd":2,"minecraft:flower_pot":3,"born_in_chaos_v1:corpse_maggot":1,"minecraft:golden_sword":1,"minecraft:slime_ball":2,"minecraft:blue_orchid":2,"minecraft:brick":6},"minecraft:broken":{"minecraft:chainmail_boots":1},"minecraft:picked_up":{"born_in_chaos_v1:corpse_maggot":1,"minecraft:crafting_table":4,"minecraft:wheat":1,"minecraft:chainmail_boots":1,"born_in_chaos_v1:monster_flesh":2,"minecraft:flower_pot":3,"minecraft:leather":2,"minecraft:jungle_wood":4,"paraglider:spirit_orb":6,"minecraft:golden_sword":2,"minecraft:brick":9,"minecraft:string":1,"minecraft:red_bed":1,"minecraft:bone":2,"minecraft:blue_orchid":2,"minecraft:iron_ingot":1,"scalinghealth:power_crystal_shard":11,"born_in_chaos_v1:gnawed_bones":2,"tombstone:bag_of_seeds":1,"minecraft:chest":2,"minecraft:furnace":1,"minecraft:book":18,"minecraft:stick":5,"scalinghealth:heart_crystal_shard":9,"born_in_chaos_v1:ethereal_spirit":1,"minecraft:spruce_stairs":1,"minecraft:jungle_planks":3,"minecraft:porkchop":4,"tombstone:grave_dust":1,"minecraft:dead_bush":1,"born_in_chaos_v1:pieceofdarkmetal":2,"minecraft:stone_sword":1,"minecraft:rotten_flesh":4,"minecraft:slime_ball":2,"minecraft:hay_block":3,"alexsmobs:maggot":2,"minecraft:plenty_pottery_sherd":2,"minecraft:red_concrete":1},"minecraft:mined":{"minecraft:red_bed":1,"minecraft:crafting_table":5,"minecraft:potted_dead_bush":1,"minecraft:decorated_pot":1,"minecraft:jungle_planks":3,"minecraft:chest":2,"minecraft:rose_bush":1,"minecraft:dead_bush":5,"minecraft:red_concrete":1,"minecraft:spawner":3,"minecraft:spruce_stairs":1,"minecraft:hay_block":3,"minecraft:jungle_wood":4,"minecraft:furnace":1,"minecraft:bookshelf":6},"minecraft:crafted":{"minecraft:crafting_table":1,"minecraft:iron_sword":1,"minecraft:bread":9,"minecraft:air":65,"minecraft:jungle_planks":10,"minecraft:shield":1,"minecraft:iron_axe":1,"minecraft:stick":1,"minecraft:iron_ingot":16,"minecraft:iron_pickaxe":1,"scalinghealth:power_crystal":1,"minecraft:wheat":3},"minecraft:killed":{"born_in_chaos_v1:spiritof_chaos":1,"minecraft:husk":8,"minecraft:spider":1,"minecraft:hoglin":3,"born_in_chaos_v1:zombie_bruiser":1,"born_in_chaos_v1:maggot":1,"minecraft:skeleton":1,"minecraft:zombie":1,"born_in_chaos_v1:dread_hound":2,"minecraft:wither_skeleton":4}},"DataVersion":3465}