{"stats":{"minecraft:killed_by":{"minecraft:husk":1},"minecraft:used":{"minecraft:dead_bush":1,"nifty:orange":1,"minecraft:chest":2,"minecraft:shield":28,"minecraft:iron_sword":279,"minecraft:torch":2,"paraglider:goddess_statue":1,"minecraft:dirt":6,"scalinghealth:heart_crystal":1,"minecraft:jungle_planks":3,"minecraft:carrot":16,"alexsmobs:cooked_kangaroo_meat":1,"minecraft:granite":1,"paraglider:horned_statue":1,"minecraft:stone_brick_slab":2,"farmersdelight:tomato":1,"minecraft:iron_axe":77,"scalinghealth:power_crystal":1,"minecraft:item_frame":2,"minecraft:hay_block":1,"minecraft:furnace":1,"tombstone:gift":3,"minecraft:wheat_seeds":37,"minecraft:cooked_mutton":1,"minecraft:mangrove_planks":4,"minecraft:mangrove_trapdoor":2,"minecraft:crafting_table":8,"minecraft:red_bed":2,"minecraft:mushroom_stew":2,"minecraft:crossbow":15,"minecraft:cake":2,"minecraft:apple":2,"minecraft:bread":11,"minecraft:iron_pickaxe":98,"tombstone:grave_key":1,"minecraft:porkchop":12,"minecraft:chain":1,"alexsmobs:animal_dictionary":2,"minecraft:experience_bottle":5},"minecraft:custom":{"minecraft:mob_kills":64,"minecraft:interact_with_crafting_table":16,"minecraft:open_barrel":14,"minecraft:bell_ring":2,"minecraft:damage_dealt_resisted":204,"minecraft:leave_game":1,"minecraft:time_since_death":10614,"minecraft:climb_one_cm":14694,"minecraft:sprint_one_cm":232856,"minecraft:walk_one_cm":256097,"minecraft:damage_blocked_by_shield":498,"minecraft:drop":67,"minecraft:play_time":89344,"minecraft:deaths":16,"minecraft:sneak_time":2627,"minecraft:walk_under_water_one_cm":1202,"minecraft:jump":2131,"minecraft:interact_with_blast_furnace":1,"minecraft:walk_on_water_one_cm":2187,"minecraft:total_world_time":89344,"minecraft:interact_with_furnace":4,"tombstone:raider_killed":2,"minecraft:sleep_in_bed":2,"minecraft:time_since_rest":10305,"minecraft:damage_taken":7970,"minecraft:damage_dealt":16623,"minecraft:swim_one_cm":4253,"minecraft:fly_one_cm":412192,"minecraft:open_chest":22,"minecraft:crouch_one_cm":6361,"tombstone:undead_killed":37,"minecraft:interact_with_smoker":1,"minecraft:fall_one_cm":64975,"minecraft:horse_one_cm":687},"minecraft:dropped":{"farmersdelight:tomato_seeds":4,"minecraft:iron_sword":1,"minecraft:porkchop":1,"minecraft:wheat_seeds":68,"minecraft:stripped_mangrove_wood":4,"minecraft:mangrove_trapdoor":2,"minecraft:crafting_table":1,"alexsmobs:kangaroo_meat":1,"minecraft:plenty_pottery_sherd":2,"minecraft:sandstone_slab":2,"minecraft:crossbow":1,"minecraft:cobblestone":2,"minecraft:mangrove_planks":4,"minecraft:spruce_stairs":1,"minecraft:emerald":2,"born_in_chaos_v1:monster_flesh":2,"minecraft:cobweb":3,"minecraft:red_bed":1,"minecraft:bone_meal":3,"minecraft:bone":1,"minecraft:red_concrete":1,"alexsmobs:maggot":2,"alexsmobs:gazelle_horn":1,"minecraft:stone_sword":1,"minecraft:bowl":1,"minecraft:wheat":3,"minecraft:rotten_flesh":4,"minecraft:flower_pot":3,"minecraft:iron_chestplate":1,"born_in_chaos_v1:corpse_maggot":4,"minecraft:golden_sword":1,"minecraft:slime_ball":2,"minecraft:blue_orchid":2,"minecraft:brick":6},"minecraft:broken":{"minecraft:chainmail_boots":1},"minecraft:picked_up":{"minecraft:crafting_table":8,"minecraft:wheat":42,"minecraft:sandstone_slab":2,"minecraft:chainmail_boots":1,"minecraft:flower_pot":3,"alexsmobs:roadrunner_feather":1,"minecraft:chain":1,"minecraft:brick":9,"minecraft:golden_sword":2,"alexsmobs:gazelle_horn":1,"paraglider:goddess_statue":2,"minecraft:string":1,"minecraft:red_bed":4,"minecraft:item_frame":2,"minecraft:blue_orchid":2,"born_in_chaos_v1:gnawed_bones":2,"minecraft:iron_pickaxe":1,"minecraft:coal_block":4,"minecraft:chest":2,"minecraft:furnace":1,"minecraft:stick":9,"minecraft:raw_iron":33,"minecraft:stripped_mangrove_wood":6,"born_in_chaos_v1:shattered_skull":1,"minecraft:spruce_stairs":1,"minecraft:porkchop":8,"farmersdelight:tomato_seeds":4,"tombstone:grave_dust":2,"born_in_chaos_v1:pieceofdarkmetal":4,"minecraft:mangrove_trapdoor":4,"minecraft:arrow":2,"minecraft:stone_sword":1,"minecraft:rotten_flesh":8,"minecraft:hay_block":4,"paraglider:horned_statue":2,"alexsmobs:kangaroo_meat":7,"minecraft:cobblestone":2,"born_in_chaos_v1:corpse_maggot":4,"born_in_chaos_v1:monster_flesh":2,"minecraft:leather":2,"minecraft:jungle_wood":4,"paraglider:spirit_orb":16,"scalinghealth:heart_crystal":1,"minecraft:dirt":6,"farmersdelight:tomato":1,"neapolitan:vanilla_pods":10,"born_in_chaos_v1:monster_skin":1,"minecraft:cooked_mutton":1,"minecraft:bone":7,"minecraft:wheat_seeds":105,"minecraft:iron_ingot":1,"scalinghealth:power_crystal_shard":17,"tombstone:bag_of_seeds":1,"minecraft:book":24,"scalinghealth:heart_crystal_shard":10,"minecraft:stone_brick_slab":2,"born_in_chaos_v1:ethereal_spirit":3,"minecraft:jungle_planks":3,"minecraft:blast_furnace":6,"minecraft:dead_bush":1,"alexsmobs:kangaroo_hide":5,"minecraft:slime_ball":2,"minecraft:crossbow":1,"minecraft:granite":1,"minecraft:bone_meal":3,"minecraft:emerald":1,"alexsmobs:maggot":2,"tombstone:magic_scroll":1,"minecraft:plenty_pottery_sherd":2,"minecraft:red_concrete":1,"minecraft:coal":13},"minecraft:mined":{"minecraft:dark_prismarine":14,"minecraft:potted_dead_bush":1,"minecraft:granite":1,"minecraft:dark_oak_fence":2,"minecraft:grass_block":4,"minecraft:decorated_pot":1,"minecraft:jungle_planks":3,"minecraft:coal_block":4,"minecraft:mangrove_trapdoor":2,"minecraft:spawner":8,"minecraft:hay_block":3,"minecraft:furnace":1,"minecraft:iron_ore":34,"minecraft:bookshelf":8,"minecraft:stone":6,"minecraft:stripped_mangrove_wood":7,"neapolitan:vanilla_vine":2,"minecraft:sandstone_slab":1,"minecraft:mangrove_stairs":1,"minecraft:red_bed":3,"minecraft:stone_brick_slab":1,"minecraft:smooth_sandstone":1,"minecraft:crafting_table":8,"minecraft:blast_furnace":6,"minecraft:chest":2,"minecraft:dead_bush":8,"minecraft:rose_bush":1,"minecraft:stone_slab":1,"minecraft:tall_grass":2,"minecraft:cyan_bed":1,"farmersdelight:wild_tomatoes":4,"minecraft:red_concrete":1,"minecraft:spruce_stairs":1,"minecraft:jungle_wood":4,"paraglider:horned_statue":2,"minecraft:wheat":37,"minecraft:dark_prismarine_slab":1,"minecraft:grass":18,"minecraft:coal_ore":12,"neapolitan:vanilla_vine_plant":5,"minecraft:dirt":2,"paraglider:goddess_statue":2},"minecraft:crafted":{"minecraft:coal":4,"minecraft:iron_boots":1,"minecraft:iron_axe":1,"scalinghealth:power_crystal":1,"minecraft:wheat":3,"minecraft:crafting_table":1,"minecraft:iron_helmet":1,"alexsmobs:cooked_kangaroo_meat":1,"minecraft:iron_sword":2,"scalinghealth:heart_crystal":1,"minecraft:mangrove_planks":5,"minecraft:bread":22,"minecraft:air":134,"minecraft:jungle_planks":10,"minecraft:iron_chestplate":1,"minecraft:shield":1,"minecraft:stick":1,"minecraft:iron_ingot":16,"minecraft:iron_pickaxe":1,"minecraft:iron_leggings":1,"minecraft:torch":3},"minecraft:killed":{"naturalist:lion":1,"born_in_chaos_v1:restless_spirit":1,"minecraft:spider":2,"born_in_chaos_v1:zombie_bruiser":1,"born_in_chaos_v1:maggot":3,"naturalist:snail":1,"minecraft:skeleton":3,"realmrpg_demons:chort":2,"alexsmobs:kangaroo":4,"born_in_chaos_v1:spiritof_chaos":1,"born_in_chaos_v1:fallen_chaos_knight":1,"minecraft:husk":19,"minecraft:hoglin":5,"born_in_chaos_v1:decrepit_skeleton":2,"minecraft:pillager":2,"minecraft:zombie":6,"born_in_chaos_v1:dread_hound":3,"alexsmobs:roadrunner":1,"minecraft:wither_skeleton":5}},"DataVersion":3465}