{"stats":{"minecraft:killed_by":{"minecraft:player":1},"minecraft:used":{"minecraft:cactus":2,"minecraft:white_terracotta":7,"minecraft:iron_sword":44,"farmersdelight:pumpkin_slice":1,"minecraft:player_head":1,"minecraft:crafting_table":1,"minecraft:red_bed":3,"minecraft:light_gray_terracotta":4,"born_in_chaos_v1:corpse_maggot":2,"spartanshields:wooden_tower_shield":9,"born_in_chaos_v1:smoked_flesh":1,"minecraft:oak_stairs":1,"minecraft:blue_orchid":1,"minecraft:bread":6,"minecraft:iron_pickaxe":5,"minecraft:iron_helmet":1,"minecraft:red_terracotta":4,"born_in_chaos_v1:smoked_monster_flesh":1,"minecraft:light_gray_wool":1,"minecraft:golden_sword":1,"minecraft:cobblestone":3,"minecraft:chainmail_boots":1,"tombstone:gift":3,"alexsmobs:animal_dictionary":1,"minecraft:brown_bed":2},"minecraft:dropped":{"minecraft:player_head":1,"minecraft:gold_nugget":4,"minecraft:cactus":12},"minecraft:custom":{"minecraft:interact_with_furnace":5,"spartanshields:shield_bash_hits":2,"minecraft:mob_kills":12,"tombstone:raider_killed":3,"minecraft:interact_with_crafting_table":5,"minecraft:tune_noteblock":1,"minecraft:open_barrel":11,"minecraft:damage_dealt_resisted":76,"minecraft:time_since_death":5814,"minecraft:sleep_in_bed":5,"minecraft:climb_one_cm":2981,"minecraft:time_since_rest":5498,"minecraft:damage_taken":3168,"minecraft:sprint_one_cm":136306,"minecraft:walk_one_cm":159365,"minecraft:damage_blocked_by_shield":289,"minecraft:drop":8,"minecraft:damage_dealt":2209,"minecraft:fly_one_cm":210189,"minecraft:open_chest":6,"minecraft:deaths":6,"minecraft:play_time":68398,"minecraft:crouch_one_cm":4361,"tombstone:undead_killed":5,"minecraft:sneak_time":2168,"minecraft:jump":1172,"minecraft:total_world_time":68398,"minecraft:interact_with_smoker":1,"minecraft:fall_one_cm":40301},"minecraft:broken":{"minecraft:golden_sword":1},"minecraft:picked_up":{"born_in_chaos_v1:corpse_maggot":2,"minecraft:chainmail_boots":1,"born_in_chaos_v1:smoked_monster_flesh":1,"minecraft:oak_stairs":1,"minecraft:brown_bed":3,"minecraft:oak_log":1,"minecraft:gunpowder":2,"minecraft:red_bed":3,"minecraft:bone":2,"minecraft:blue_orchid":1,"farmersdelight:pumpkin_slice":1,"minecraft:player_head":2,"minecraft:light_gray_wool":1,"minecraft:stick":11,"born_in_chaos_v1:ethereal_spirit":2,"spartanshields:wooden_tower_shield":1,"born_in_chaos_v1:dark_rod":1,"minecraft:red_terracotta":4,"minecraft:light_gray_terracotta":4,"minecraft:cactus":14,"minecraft:arrow":2,"minecraft:emerald":1,"endermanoverhaul:badlands_hood":1,"minecraft:white_terracotta":7,"minecraft:cobblestone":3},"minecraft:mined":{"minecraft:red_bed":3,"minecraft:dead_bush":10,"minecraft:red_terracotta":1,"minecraft:brown_bed":3,"minecraft:oak_log":1,"minecraft:oak_stairs":1,"minecraft:stone":4,"minecraft:player_head":1},"minecraft:crafted":{"minecraft:oak_planks":1,"minecraft:crafting_table":1,"minecraft:iron_sword":1,"minecraft:air":8,"born_in_chaos_v1:smoked_flesh":1,"minecraft:iron_pickaxe":1,"minecraft:gold_ingot":4},"minecraft:killed":{"minecraft:husk":1,"born_in_chaos_v1:restless_spirit":1,"minecraft:spider":1,"born_in_chaos_v1:baby_skeleton_minion":2,"minecraft:pillager":3,"minecraft:zombie":2,"born_in_chaos_v1:corpse_fly":1}},"DataVersion":3465}