{"stats":{"minecraft:dropped":{"minecraft:player_head":1,"minecraft:gold_nugget":4,"minecraft:cactus":7},"minecraft:used":{"born_in_chaos_v1:corpse_maggot":1,"spartanshields:wooden_tower_shield":2,"minecraft:blue_orchid":1,"minecraft:oak_stairs":1,"minecraft:bread":6,"minecraft:cactus":2,"minecraft:iron_helmet":1,"minecraft:white_terracotta":7,"minecraft:red_terracotta":4,"minecraft:iron_sword":13,"minecraft:player_head":1,"minecraft:golden_sword":1,"minecraft:crafting_table":1,"minecraft:chainmail_boots":1,"minecraft:red_bed":3,"minecraft:light_gray_terracotta":4,"tombstone:gift":3,"alexsmobs:animal_dictionary":1},"minecraft:custom":{"minecraft:time_since_rest":0,"spartanshields:shield_bash_hits":2,"minecraft:interact_with_furnace":5,"minecraft:sprint_one_cm":62448,"minecraft:damage_taken":1958,"minecraft:walk_one_cm":81125,"minecraft:damage_blocked_by_shield":41,"minecraft:mob_kills":7,"minecraft:drop":3,"minecraft:damage_dealt":952,"minecraft:interact_with_crafting_table":5,"minecraft:tune_noteblock":1,"minecraft:fly_one_cm":103769,"minecraft:open_barrel":10,"minecraft:open_chest":4,"minecraft:crouch_one_cm":3694,"minecraft:play_time":44398,"tombstone:undead_killed":4,"minecraft:deaths":4,"minecraft:sneak_time":2016,"minecraft:damage_dealt_resisted":6,"minecraft:jump":633,"minecraft:time_since_death":18554,"minecraft:sleep_in_bed":3,"minecraft:climb_one_cm":2981,"minecraft:total_world_time":44398,"minecraft:fall_one_cm":20256},"minecraft:broken":{"minecraft:golden_sword":1},"minecraft:picked_up":{"born_in_chaos_v1:corpse_maggot":1,"minecraft:stick":8,"minecraft:chainmail_boots":1,"born_in_chaos_v1:ethereal_spirit":1,"minecraft:oak_stairs":1,"spartanshields:wooden_tower_shield":1,"minecraft:oak_log":1,"minecraft:gunpowder":2,"minecraft:red_terracotta":4,"minecraft:red_bed":3,"minecraft:cactus":14,"minecraft:light_gray_terracotta":4,"minecraft:bone":2,"minecraft:blue_orchid":1,"minecraft:player_head":2,"minecraft:white_terracotta":7},"minecraft:mined":{"minecraft:red_bed":3,"minecraft:oak_log":1,"minecraft:oak_stairs":1,"minecraft:dead_bush":6,"minecraft:player_head":1},"minecraft:crafted":{"minecraft:oak_planks":1,"minecraft:crafting_table":1,"minecraft:iron_pickaxe":1,"minecraft:iron_sword":1,"minecraft:gold_ingot":4,"minecraft:air":8},"minecraft:killed":{"minecraft:husk":1,"minecraft:zombie":1,"born_in_chaos_v1:restless_spirit":1,"minecraft:spider":1,"born_in_chaos_v1:baby_skeleton_minion":2}},"DataVersion":3465}