{"stats":{"minecraft:used":{"minecraft:oak_stairs":1,"minecraft:bread":6,"minecraft:iron_helmet":1,"minecraft:white_terracotta":7,"minecraft:red_terracotta":4,"minecraft:player_head":1,"minecraft:golden_sword":1,"minecraft:crafting_table":1,"minecraft:chainmail_boots":1,"minecraft:red_bed":2,"minecraft:light_gray_terracotta":4,"tombstone:gift":3,"alexsmobs:animal_dictionary":1},"minecraft:dropped":{"minecraft:player_head":1,"minecraft:gold_nugget":4},"minecraft:custom":{"minecraft:time_since_rest":5943,"minecraft:sprint_one_cm":36468,"minecraft:damage_taken":1701,"minecraft:walk_one_cm":40693,"minecraft:mob_kills":4,"minecraft:drop":2,"minecraft:damage_dealt":293,"minecraft:interact_with_crafting_table":4,"minecraft:tune_noteblock":1,"minecraft:fly_one_cm":67572,"minecraft:open_barrel":9,"minecraft:open_chest":4,"minecraft:crouch_one_cm":2710,"minecraft:play_time":32398,"tombstone:undead_killed":2,"minecraft:deaths":4,"minecraft:sneak_time":1805,"minecraft:damage_dealt_resisted":6,"minecraft:jump":402,"minecraft:time_since_death":6554,"minecraft:sleep_in_bed":1,"minecraft:climb_one_cm":2981,"minecraft:total_world_time":32398,"minecraft:fall_one_cm":14102},"minecraft:broken":{"minecraft:golden_sword":1},"minecraft:picked_up":{"minecraft:stick":7,"minecraft:chainmail_boots":1,"minecraft:oak_stairs":1,"minecraft:oak_log":1,"minecraft:gunpowder":2,"minecraft:red_terracotta":4,"minecraft:red_bed":2,"minecraft:light_gray_terracotta":4,"minecraft:bone":2,"minecraft:player_head":2,"minecraft:white_terracotta":7},"minecraft:mined":{"minecraft:red_bed":2,"minecraft:oak_log":1,"minecraft:oak_stairs":1,"minecraft:dead_bush":5,"minecraft:player_head":1},"minecraft:crafted":{"minecraft:oak_planks":1,"minecraft:crafting_table":1,"minecraft:iron_pickaxe":1,"minecraft:iron_sword":1,"minecraft:gold_ingot":4,"minecraft:air":8},"minecraft:killed":{"minecraft:husk":1,"minecraft:zombie":1,"minecraft:spider":1}},"DataVersion":3465}