{"stats":{"minecraft:dropped":{"minecraft:gold_nugget":4,"minecraft:player_head":1},"minecraft:used":{"minecraft:golden_sword":1,"minecraft:red_bed":1,"minecraft:chainmail_boots":1,"minecraft:bread":6,"alexsmobs:animal_dictionary":1,"minecraft:iron_helmet":1,"minecraft:player_head":1},"minecraft:custom":{"minecraft:open_barrel":9,"minecraft:time_since_rest":4888,"minecraft:open_chest":4,"minecraft:crouch_one_cm":1096,"minecraft:walk_one_cm":27846,"minecraft:play_time":20398,"minecraft:sprint_one_cm":27414,"minecraft:damage_taken":602,"tombstone:undead_killed":2,"minecraft:sneak_time":333,"minecraft:mob_kills":2,"minecraft:drop":2,"minecraft:jump":245,"minecraft:damage_dealt":35,"minecraft:time_since_death":20398,"minecraft:sleep_in_bed":1,"minecraft:total_world_time":20398,"minecraft:climb_one_cm":2981,"minecraft:interact_with_crafting_table":1,"minecraft:fall_one_cm":11334,"minecraft:tune_noteblock":1,"minecraft:fly_one_cm":40632},"minecraft:broken":{"minecraft:golden_sword":1},"minecraft:picked_up":{"minecraft:chainmail_boots":1,"minecraft:player_head":2,"minecraft:red_bed":1},"minecraft:mined":{"minecraft:red_bed":1,"minecraft:player_head":1},"minecraft:crafted":{"minecraft:gold_ingot":4,"minecraft:air":4},"minecraft:killed":{"minecraft:husk":1,"minecraft:zombie":1}},"DataVersion":3465}