{"stats":{"minecraft:dropped":{"alexsmobs:animal_dictionary":1,"upgrade_aquatic:river_planks":2,"upgrade_aquatic:pickerelweed":2,"minecraft:oak_sapling":1,"minecraft:lily_pad":4,"patchouli:guide_book":1,"minecraft:spruce_sapling":1,"minecraft:stick":2},"minecraft:mined":{"minecraft:coarse_dirt":8,"upgrade_aquatic:river_log":4,"minecraft:jack_o_lantern":1,"minecraft:spruce_log":12,"minecraft:crafting_table":2,"minecraft:grass_block":1,"upgrade_aquatic:tall_pickerelweed":1,"minecraft:cobblestone":9,"minecraft:stone":17,"upgrade_aquatic:river_planks":2},"minecraft:picked_up":{"minecraft:stick":2,"minecraft:coarse_dirt":8,"minecraft:crafting_table":2,"minecraft:lily_pad":4,"minecraft:spruce_sapling":1,"minecraft:spruce_log":12,"minecraft:dirt":1,"upgrade_aquatic:river_boat":1,"upgrade_aquatic:river_log":4,"minecraft:jack_o_lantern":1,"upgrade_aquatic:pickerelweed":2,"upgrade_aquatic:river_planks":4,"minecraft:cobblestone":26},"minecraft:used":{"upgrade_aquatic:river_planks":4,"minecraft:wooden_axe":16,"minecraft:bread":1,"minecraft:stone_pickaxe":18,"minecraft:wooden_pickaxe":8,"minecraft:iron_chestplate":1,"minecraft:dirt":1,"minecraft:crafting_table":2,"minecraft:coarse_dirt":7,"upgrade_aquatic:river_boat":1},"minecraft:crafted":{"minecraft:crafting_table":1,"minecraft:spruce_planks":12,"minecraft:stick":8,"minecraft:wooden_pickaxe":1,"minecraft:stone_pickaxe":1,"minecraft:wooden_axe":1,"upgrade_aquatic:river_planks":4,"upgrade_aquatic:river_boat":1,"minecraft:air":64},"minecraft:custom":{"minecraft:time_since_rest":8850,"minecraft:sprint_one_cm":16214,"minecraft:damage_taken":90,"minecraft:walk_one_cm":14690,"minecraft:drop":12,"minecraft:damage_dealt":10,"minecraft:interact_with_crafting_table":9,"minecraft:fly_one_cm":21943,"minecraft:open_barrel":4,"minecraft:open_chest":8,"minecraft:crouch_one_cm":59,"minecraft:play_time":8850,"minecraft:sneak_time":93,"minecraft:jump":304,"minecraft:leave_game":1,"minecraft:time_since_death":8850,"minecraft:walk_on_water_one_cm":2039,"minecraft:climb_one_cm":943,"minecraft:total_world_time":8850,"minecraft:fall_one_cm":1523}},"DataVersion":3465}