{"stats":{"minecraft:used":{"minecraft:spruce_planks":4,"minecraft:shield":48,"minecraft:iron_sword":160,"scalinghealth:heart_crystal":1,"minecraft:dark_oak_planks":16,"minecraft:iron_axe":51,"born_in_chaos_v1:gnawed_bones":1,"minecraft:stone_bricks":1,"minecraft:item_frame":1,"minecraft:acacia_fence":1,"minecraft:acacia_planks":41,"minecraft:calcite":3,"minecraft:acacia_boat":3,"minecraft:waxed_oxidized_cut_copper":1,"minecraft:blackstone":33,"minecraft:green_bed":1,"minecraft:sand":10,"minecraft:crafting_table":11,"minecraft:red_bed":1,"minecraft:blast_furnace":2,"minecraft:cod":7,"minecraft:cake":1,"minecraft:bread":51,"born_in_chaos_v1:pumpkin_staff":1,"minecraft:iron_pickaxe":262,"minecraft:cobblestone":77,"minecraft:chainmail_boots":1,"minecraft:pumpkin_pie":3},"minecraft:custom":{"minecraft:mob_kills":33,"minecraft:interact_with_crafting_table":27,"minecraft:open_barrel":4,"minecraft:damage_dealt_resisted":145,"minecraft:leave_game":6,"minecraft:time_since_death":38627,"minecraft:climb_one_cm":1894,"minecraft:sprint_one_cm":265025,"minecraft:walk_one_cm":209794,"minecraft:damage_blocked_by_shield":857,"minecraft:drop":40,"minecraft:play_time":127986,"minecraft:deaths":3,"minecraft:sneak_time":1953,"minecraft:walk_under_water_one_cm":26494,"minecraft:boat_one_cm":339030,"minecraft:jump":3055,"minecraft:interact_with_blast_furnace":12,"minecraft:walk_on_water_one_cm":33936,"minecraft:total_world_time":127986,"spartanshields:shield_bash_hits":5,"tombstone:raider_killed":5,"minecraft:time_since_rest":38283,"minecraft:damage_taken":3754,"minecraft:damage_dealt":7987,"minecraft:swim_one_cm":60608,"minecraft:fly_one_cm":372249,"minecraft:open_chest":17,"minecraft:crouch_one_cm":8188,"tombstone:undead_killed":6,"minecraft:fall_one_cm":57719,"minecraft:horse_one_cm":1682},"minecraft:killed":{"born_in_chaos_v1:mr_pumpkin":5,"born_in_chaos_v1:zombie_lumberjack":1,"born_in_chaos_v1:restless_spirit":1,"born_in_chaos_v1:sir_the_headless":1,"born_in_chaos_v1:pumpkin_spirit":1,"minecraft:vindicator":3,"minecraft:spider":2,"minecraft:skeleton":1,"mowziesmobs:umvuthana_crane":1,"born_in_chaos_v1:corpse_fish":1,"mowziesmobs:umvuthana":2,"born_in_chaos_v1:felsteed":1,"minecraft:husk":2,"minecraft:pig":2,"born_in_chaos_v1:dread_hound_not_despawn":1,"minecraft:pillager":2,"minecraft:zombie":2,"born_in_chaos_v1:dread_hound":1,"born_in_chaos_v1:dark_vortex":1},"minecraft:crafted":{"simplyswords:iron_twinblade":1,"minecraft:iron_boots":1,"minecraft:leather":2,"minecraft:iron_axe":1,"minecraft:dark_oak_planks":4,"minecraft:wheat":33,"minecraft:crafting_table":2,"minecraft:iron_helmet":1,"minecraft:iron_sword":1,"minecraft:bread":99,"minecraft:acacia_boat":3,"minecraft:air":513,"minecraft:iron_chestplate":1,"minecraft:shield":2,"minecraft:iron_ingot":35,"minecraft:iron_pickaxe":2,"minecraft:iron_leggings":1,"minecraft:acacia_planks":24},"minecraft:picked_up":{"minecraft:waxed_oxidized_cut_copper":1,"minecraft:crafting_table":10,"minecraft:chainmail_boots":1,"minecraft:shield":1,"minecraft:waxed_cut_copper_slab":3,"minecraft:red_bed":2,"minecraft:item_frame":1,"minecraft:blackstone":33,"minecraft:spruce_planks":4,"born_in_chaos_v1:gnawed_bones":2,"minecraft:calcite":3,"minecraft:stick":46,"minecraft:raw_iron":34,"minecraft:acacia_fence":1,"minecraft:acacia_log":24,"minecraft:green_bed":1,"minecraft:porkchop":5,"born_in_chaos_v1:nightmare_claw":1,"minecraft:dark_oak_planks":4,"mowziesmobs:umvuthana_mask_faith":1,"minecraft:arrow":5,"minecraft:rotten_flesh":1,"born_in_chaos_v1:wood_splitter_axe":1,"minecraft:hay_block":53,"mowziesmobs:umvuthana_mask_bliss":1,"minecraft:cod":1,"minecraft:cobblestone":152,"minecraft:feather":8,"born_in_chaos_v1:monster_flesh":3,"born_in_chaos_v1:pumpkin_staff":1,"aquaculture:tuna":1,"paraglider:spirit_orb":4,"scalinghealth:heart_crystal":1,"minecraft:lapis_lazuli":12,"born_in_chaos_v1:nightmare_stalker_skull":1,"born_in_chaos_v1:monster_skin":2,"minecraft:bone":2,"minecraft:acacia_planks":2,"minecraft:stone_bricks":1,"minecraft:wheat_seeds":1,"minecraft:raw_gold":3,"minecraft:iron_ingot":2,"minecraft:acacia_sapling":1,"born_in_chaos_v1:dark_rod":2,"minecraft:sand":8,"aquaculture:red_grouper":1,"minecraft:blast_furnace":5,"minecraft:nether_brick_slab":9,"minecraft:dark_oak_log":4,"born_in_chaos_v1:fire_dust":1,"minecraft:golden_apple":1,"minecraft:emerald":6,"minecraft:coal":46},"minecraft:broken":{"minecraft:iron_pickaxe":1},"minecraft:mined":{"minecraft:dark_oak_planks":4,"minecraft:waxed_cut_copper_slab":3,"minecraft:spruce_planks":5,"minecraft:dark_oak_log":4,"minecraft:acacia_log":25,"born_in_chaos_v1:gnawed_bones":1,"minecraft:spawner":2,"minecraft:hay_block":51,"minecraft:iron_ore":27,"minecraft:fire":1,"minecraft:deepslate_iron_ore":5,"minecraft:stone":151,"minecraft:green_bed":1,"minecraft:red_bed":2,"minecraft:blackstone":34,"minecraft:crafting_table":10,"minecraft:emerald_ore":2,"minecraft:blast_furnace":5,"minecraft:calcite":3,"minecraft:dead_bush":35,"minecraft:nether_brick_slab":9,"minecraft:tall_grass":2,"minecraft:deepslate_gold_ore":3,"minecraft:lapis_ore":2,"minecraft:grass":13,"minecraft:coal_ore":13,"minecraft:acacia_fence":2,"minecraft:sand":4,"minecraft:acacia_planks":2},"minecraft:killed_by":{"mowziesmobs:umvuthi":1},"minecraft:dropped":{"minecraft:bread":48,"born_in_chaos_v1:wood_splitter_axe":1,"minecraft:wheat_seeds":1,"mowziesmobs:umvuthana_mask_faith":1,"minecraft:feather":8,"aquaculture:red_grouper":1,"minecraft:cod":1,"minecraft:stick":10,"born_in_chaos_v1:pumpkin_staff":1,"minecraft:red_bed":1,"mowziesmobs:umvuthana_mask_bliss":1,"tombstone:grave_key":1,"minecraft:sand":1,"minecraft:waxed_cut_copper_slab":3,"tombstone:gift":1,"minecraft:rotten_flesh":1,"aquaculture:tuna":1,"minecraft:shield":2,"minecraft:acacia_sapling":1}},"DataVersion":3465}