{"stats":{"minecraft:custom":{"spartanshields:shield_bash_hits":1,"minecraft:mob_kills":14,"tombstone:raider_killed":5,"minecraft:interact_with_crafting_table":15,"minecraft:open_barrel":4,"minecraft:leave_game":2,"minecraft:time_since_death":682,"minecraft:climb_one_cm":1782,"minecraft:time_since_rest":1,"minecraft:sprint_one_cm":116233,"minecraft:damage_taken":1760,"minecraft:walk_one_cm":102901,"minecraft:damage_blocked_by_shield":255,"minecraft:drop":19,"minecraft:damage_dealt":2801,"minecraft:swim_one_cm":33948,"minecraft:fly_one_cm":138353,"minecraft:open_chest":11,"minecraft:crouch_one_cm":7640,"minecraft:play_time":71773,"tombstone:undead_killed":5,"minecraft:deaths":2,"minecraft:sneak_time":1768,"minecraft:walk_under_water_one_cm":20257,"minecraft:boat_one_cm":339030,"minecraft:jump":1743,"minecraft:interact_with_blast_furnace":2,"minecraft:walk_on_water_one_cm":14117,"minecraft:total_world_time":71773,"minecraft:fall_one_cm":20994,"minecraft:horse_one_cm":1682},"minecraft:dropped":{"minecraft:bread":22,"born_in_chaos_v1:wood_splitter_axe":1,"tombstone:gift":1,"aquaculture:red_grouper":1,"minecraft:stick":10,"aquaculture:tuna":1,"minecraft:shield":2,"tombstone:grave_key":1,"minecraft:sand":1},"minecraft:used":{"minecraft:calcite":3,"minecraft:acacia_boat":3,"minecraft:spruce_planks":2,"minecraft:shield":8,"minecraft:iron_sword":52,"minecraft:sand":5,"minecraft:crafting_table":6,"minecraft:cod":7,"minecraft:dark_oak_planks":16,"minecraft:iron_axe":42,"minecraft:bread":13,"minecraft:iron_pickaxe":60,"minecraft:item_frame":1,"minecraft:cobblestone":3,"minecraft:chainmail_boots":1,"minecraft:pumpkin_pie":3,"minecraft:acacia_planks":35},"minecraft:picked_up":{"minecraft:waxed_oxidized_cut_copper":1,"minecraft:crafting_table":5,"minecraft:chainmail_boots":1,"born_in_chaos_v1:monster_flesh":2,"aquaculture:tuna":1,"paraglider:spirit_orb":4,"minecraft:shield":1,"scalinghealth:heart_crystal":1,"minecraft:waxed_cut_copper_slab":3,"born_in_chaos_v1:monster_skin":1,"minecraft:item_frame":1,"minecraft:acacia_planks":2,"minecraft:stone_bricks":1,"minecraft:spruce_planks":4,"minecraft:iron_ingot":2,"minecraft:calcite":3,"minecraft:acacia_sapling":1,"minecraft:stick":46,"minecraft:raw_iron":15,"minecraft:green_bed":1,"minecraft:acacia_log":24,"minecraft:sand":8,"aquaculture:red_grouper":1,"minecraft:blast_furnace":3,"minecraft:nether_brick_slab":9,"minecraft:dark_oak_log":4,"minecraft:dark_oak_planks":4,"minecraft:arrow":3,"minecraft:rotten_flesh":1,"born_in_chaos_v1:wood_splitter_axe":1,"minecraft:hay_block":22,"minecraft:golden_apple":1,"minecraft:emerald":6,"minecraft:cod":1,"minecraft:coal":11,"minecraft:cobblestone":12},"minecraft:mined":{"minecraft:dark_oak_planks":4,"minecraft:waxed_cut_copper_slab":3,"minecraft:spruce_planks":5,"minecraft:dark_oak_log":4,"minecraft:crafting_table":5,"minecraft:acacia_log":25,"minecraft:blast_furnace":3,"minecraft:emerald_ore":2,"minecraft:calcite":3,"minecraft:dead_bush":35,"minecraft:nether_brick_slab":9,"minecraft:spawner":2,"minecraft:hay_block":19,"minecraft:iron_ore":15,"minecraft:coal_ore":11,"minecraft:sand":4,"minecraft:acacia_planks":2,"minecraft:stone":11,"minecraft:green_bed":1},"minecraft:crafted":{"minecraft:crafting_table":2,"minecraft:iron_sword":1,"minecraft:bread":66,"minecraft:acacia_boat":3,"minecraft:air":348,"minecraft:shield":2,"minecraft:iron_axe":1,"minecraft:iron_pickaxe":1,"minecraft:acacia_planks":17,"minecraft:dark_oak_planks":4,"minecraft:wheat":22},"minecraft:killed":{"minecraft:husk":2,"born_in_chaos_v1:zombie_lumberjack":1,"born_in_chaos_v1:restless_spirit":1,"minecraft:vindicator":3,"born_in_chaos_v1:dread_hound_not_despawn":1,"minecraft:skeleton":1,"minecraft:pillager":2,"minecraft:zombie":1,"born_in_chaos_v1:corpse_fish":1}},"DataVersion":3465}