{"stats":{"minecraft:custom":{"spartanshields:shield_bash_hits":1,"minecraft:mob_kills":8,"tombstone:raider_killed":5,"minecraft:interact_with_crafting_table":10,"minecraft:open_barrel":4,"minecraft:leave_game":1,"minecraft:time_since_death":38855,"minecraft:climb_one_cm":215,"minecraft:time_since_rest":38361,"minecraft:sprint_one_cm":74015,"minecraft:damage_taken":794,"minecraft:walk_one_cm":59526,"minecraft:damage_blocked_by_shield":150,"minecraft:drop":16,"minecraft:damage_dealt":1689,"minecraft:swim_one_cm":3687,"minecraft:fly_one_cm":89678,"minecraft:open_chest":5,"minecraft:crouch_one_cm":7558,"minecraft:play_time":44852,"tombstone:undead_killed":1,"minecraft:deaths":1,"minecraft:sneak_time":1656,"minecraft:walk_under_water_one_cm":3354,"minecraft:boat_one_cm":188888,"minecraft:jump":563,"minecraft:interact_with_blast_furnace":1,"minecraft:walk_on_water_one_cm":4291,"minecraft:total_world_time":44852,"minecraft:fall_one_cm":15036,"minecraft:horse_one_cm":1682},"minecraft:dropped":{"minecraft:bread":22,"tombstone:gift":1,"minecraft:stick":10,"minecraft:shield":2,"tombstone:grave_key":1,"minecraft:sand":1},"minecraft:used":{"minecraft:calcite":3,"minecraft:acacia_boat":1,"minecraft:spruce_planks":2,"minecraft:shield":5,"minecraft:iron_sword":30,"minecraft:sand":5,"minecraft:crafting_table":3,"minecraft:dark_oak_planks":16,"minecraft:iron_axe":29,"minecraft:bread":5,"minecraft:iron_pickaxe":59,"minecraft:item_frame":1,"minecraft:cobblestone":3,"minecraft:chainmail_boots":1,"minecraft:pumpkin_pie":3,"minecraft:acacia_planks":5},"minecraft:picked_up":{"minecraft:crafting_table":3,"minecraft:chainmail_boots":1,"paraglider:spirit_orb":2,"minecraft:shield":1,"minecraft:waxed_cut_copper_slab":3,"minecraft:item_frame":1,"minecraft:spruce_planks":4,"minecraft:iron_ingot":2,"minecraft:calcite":3,"minecraft:acacia_sapling":1,"minecraft:stick":46,"minecraft:raw_iron":15,"minecraft:acacia_log":17,"minecraft:sand":5,"minecraft:blast_furnace":3,"minecraft:nether_brick_slab":9,"minecraft:dark_oak_log":4,"minecraft:dark_oak_planks":4,"minecraft:arrow":3,"minecraft:hay_block":14,"minecraft:golden_apple":1,"minecraft:emerald":6,"minecraft:coal":11,"minecraft:cobblestone":11},"minecraft:mined":{"minecraft:dark_oak_planks":4,"minecraft:waxed_cut_copper_slab":3,"minecraft:spruce_planks":5,"minecraft:dark_oak_log":4,"minecraft:crafting_table":3,"minecraft:acacia_log":17,"minecraft:blast_furnace":3,"minecraft:emerald_ore":2,"minecraft:calcite":3,"minecraft:dead_bush":35,"minecraft:nether_brick_slab":9,"minecraft:spawner":1,"minecraft:hay_block":14,"minecraft:iron_ore":15,"minecraft:coal_ore":11,"minecraft:sand":4,"minecraft:stone":11},"minecraft:crafted":{"minecraft:crafting_table":1,"minecraft:iron_sword":1,"minecraft:bread":42,"minecraft:acacia_boat":1,"minecraft:air":252,"minecraft:shield":2,"minecraft:iron_axe":1,"minecraft:iron_pickaxe":1,"minecraft:acacia_planks":17,"minecraft:dark_oak_planks":4,"minecraft:wheat":14},"minecraft:killed":{"minecraft:husk":1,"born_in_chaos_v1:restless_spirit":1,"minecraft:vindicator":3,"minecraft:pillager":2}},"DataVersion":3465}