{"stats":{"minecraft:dropped":{"tombstone:grave_key":1,"minecraft:stick":10},"minecraft:used":{"minecraft:sand":3,"minecraft:crafting_table":1,"minecraft:chainmail_boots":1,"minecraft:iron_sword":5},"minecraft:custom":{"minecraft:open_chest":2,"minecraft:time_since_rest":2361,"minecraft:walk_one_cm":13306,"minecraft:crouch_one_cm":538,"tombstone:undead_killed":1,"minecraft:play_time":8852,"minecraft:sprint_one_cm":23507,"minecraft:damage_taken":530,"minecraft:deaths":1,"minecraft:sneak_time":360,"minecraft:mob_kills":2,"minecraft:drop":11,"minecraft:jump":178,"tombstone:raider_killed":1,"minecraft:damage_dealt":338,"minecraft:leave_game":1,"minecraft:time_since_death":2855,"minecraft:total_world_time":8852,"minecraft:interact_with_crafting_table":2,"minecraft:fall_one_cm":7740,"minecraft:fly_one_cm":28723},"minecraft:picked_up":{"minecraft:stick":37,"minecraft:chainmail_boots":1,"minecraft:hay_block":7,"minecraft:dark_oak_log":4},"minecraft:mined":{"minecraft:hay_block":7,"minecraft:dead_bush":27,"minecraft:dark_oak_log":4},"minecraft:crafted":{"minecraft:iron_sword":1,"minecraft:dark_oak_planks":4,"minecraft:crafting_table":1,"minecraft:air":16},"minecraft:killed":{"minecraft:pillager":1,"minecraft:husk":1}},"DataVersion":3465}