{"stats":{"minecraft:killed_by":{"mowziesmobs:umvuthi":1},"minecraft:custom":{"spartanshields:shield_bash_hits":4,"minecraft:mob_kills":30,"tombstone:raider_killed":5,"minecraft:interact_with_crafting_table":23,"minecraft:open_barrel":4,"minecraft:damage_dealt_resisted":145,"minecraft:leave_game":2,"minecraft:time_since_death":15375,"minecraft:climb_one_cm":1894,"minecraft:time_since_rest":15031,"minecraft:sprint_one_cm":239636,"minecraft:damage_taken":3347,"minecraft:walk_one_cm":185020,"minecraft:damage_blocked_by_shield":759,"minecraft:drop":40,"minecraft:damage_dealt":7198,"minecraft:swim_one_cm":59252,"minecraft:fly_one_cm":317958,"minecraft:open_chest":17,"minecraft:crouch_one_cm":7898,"minecraft:play_time":104734,"tombstone:undead_killed":5,"minecraft:deaths":3,"minecraft:sneak_time":1888,"minecraft:walk_under_water_one_cm":26255,"minecraft:boat_one_cm":339030,"minecraft:jump":2654,"minecraft:interact_with_blast_furnace":9,"minecraft:walk_on_water_one_cm":26949,"minecraft:total_world_time":104734,"minecraft:fall_one_cm":46009,"minecraft:horse_one_cm":1682},"minecraft:dropped":{"minecraft:bread":48,"born_in_chaos_v1:wood_splitter_axe":1,"minecraft:wheat_seeds":1,"mowziesmobs:umvuthana_mask_faith":1,"tombstone:gift":1,"minecraft:feather":8,"minecraft:rotten_flesh":1,"aquaculture:red_grouper":1,"minecraft:cod":1,"minecraft:stick":10,"born_in_chaos_v1:pumpkin_staff":1,"minecraft:red_bed":1,"aquaculture:tuna":1,"minecraft:shield":2,"mowziesmobs:umvuthana_mask_bliss":1,"tombstone:grave_key":1,"minecraft:acacia_sapling":1,"minecraft:sand":1,"minecraft:waxed_cut_copper_slab":3},"minecraft:used":{"minecraft:calcite":3,"minecraft:acacia_boat":3,"minecraft:waxed_oxidized_cut_copper":1,"minecraft:spruce_planks":4,"minecraft:shield":45,"minecraft:iron_sword":144,"minecraft:green_bed":1,"scalinghealth:heart_crystal":1,"minecraft:sand":5,"minecraft:crafting_table":10,"minecraft:red_bed":1,"minecraft:blast_furnace":1,"minecraft:cod":7,"minecraft:cake":1,"minecraft:dark_oak_planks":16,"born_in_chaos_v1:pumpkin_staff":1,"minecraft:iron_axe":49,"minecraft:bread":44,"minecraft:iron_pickaxe":61,"minecraft:stone_bricks":1,"minecraft:item_frame":1,"minecraft:cobblestone":12,"minecraft:chainmail_boots":1,"minecraft:acacia_fence":1,"minecraft:pumpkin_pie":3,"minecraft:acacia_planks":35},"minecraft:picked_up":{"minecraft:waxed_oxidized_cut_copper":1,"minecraft:crafting_table":8,"minecraft:feather":8,"minecraft:chainmail_boots":1,"born_in_chaos_v1:monster_flesh":3,"born_in_chaos_v1:pumpkin_staff":1,"aquaculture:tuna":1,"paraglider:spirit_orb":4,"minecraft:shield":1,"born_in_chaos_v1:nightmare_stalker_skull":1,"scalinghealth:heart_crystal":1,"minecraft:red_bed":2,"minecraft:waxed_cut_copper_slab":3,"born_in_chaos_v1:monster_skin":1,"minecraft:item_frame":1,"minecraft:bone":2,"minecraft:acacia_planks":2,"minecraft:stone_bricks":1,"minecraft:wheat_seeds":1,"minecraft:spruce_planks":4,"minecraft:iron_ingot":2,"minecraft:calcite":3,"minecraft:acacia_sapling":1,"minecraft:stick":46,"minecraft:raw_iron":15,"minecraft:acacia_fence":1,"minecraft:porkchop":5,"minecraft:green_bed":1,"minecraft:acacia_log":24,"born_in_chaos_v1:dark_rod":2,"minecraft:sand":8,"aquaculture:red_grouper":1,"minecraft:blast_furnace":4,"born_in_chaos_v1:nightmare_claw":1,"minecraft:nether_brick_slab":9,"minecraft:dark_oak_log":4,"minecraft:dark_oak_planks":4,"mowziesmobs:umvuthana_mask_faith":1,"minecraft:arrow":5,"minecraft:rotten_flesh":1,"born_in_chaos_v1:fire_dust":1,"born_in_chaos_v1:wood_splitter_axe":1,"minecraft:hay_block":53,"mowziesmobs:umvuthana_mask_bliss":1,"minecraft:golden_apple":1,"minecraft:emerald":6,"minecraft:coal":28,"minecraft:cod":1,"minecraft:cobblestone":12},"minecraft:mined":{"minecraft:dark_oak_planks":4,"minecraft:waxed_cut_copper_slab":3,"minecraft:spruce_planks":5,"minecraft:red_bed":2,"minecraft:dark_oak_log":4,"minecraft:crafting_table":8,"minecraft:acacia_log":25,"minecraft:blast_furnace":4,"minecraft:emerald_ore":2,"minecraft:calcite":3,"minecraft:dead_bush":35,"minecraft:nether_brick_slab":9,"minecraft:tall_grass":2,"minecraft:spawner":2,"minecraft:hay_block":51,"minecraft:iron_ore":15,"minecraft:grass":13,"minecraft:coal_ore":11,"minecraft:acacia_fence":2,"minecraft:sand":4,"minecraft:acacia_planks":2,"minecraft:stone":11,"minecraft:green_bed":1},"minecraft:crafted":{"minecraft:crafting_table":2,"minecraft:iron_helmet":1,"minecraft:iron_sword":1,"minecraft:acacia_boat":3,"minecraft:bread":99,"minecraft:air":481,"minecraft:iron_chestplate":1,"minecraft:shield":2,"minecraft:iron_axe":1,"minecraft:iron_ingot":16,"minecraft:iron_pickaxe":1,"minecraft:iron_leggings":1,"minecraft:acacia_planks":17,"minecraft:dark_oak_planks":4,"minecraft:wheat":33},"minecraft:killed":{"born_in_chaos_v1:felsteed":1,"minecraft:husk":2,"born_in_chaos_v1:mr_pumpkin":5,"minecraft:pig":2,"born_in_chaos_v1:sir_the_headless":1,"born_in_chaos_v1:restless_spirit":1,"born_in_chaos_v1:zombie_lumberjack":1,"minecraft:spider":1,"born_in_chaos_v1:pumpkin_spirit":1,"minecraft:vindicator":3,"born_in_chaos_v1:dread_hound_not_despawn":1,"minecraft:skeleton":1,"minecraft:pillager":2,"minecraft:zombie":1,"mowziesmobs:umvuthana_crane":1,"born_in_chaos_v1:dark_vortex":1,"born_in_chaos_v1:corpse_fish":1,"mowziesmobs:umvuthana":2}},"DataVersion":3465}