{"stats":{"minecraft:dropped":{"tombstone:grave_key":2},"minecraft:used":{"minecraft:white_wool":2,"minecraft:crafting_table":1,"minecraft:red_bed":1,"minecraft:melon_slice":2,"minecraft:jungle_planks":1,"tombstone:gift":2,"minecraft:acacia_planks":3,"minecraft:player_head":1},"minecraft:custom":{"minecraft:open_barrel":3,"minecraft:time_since_rest":6130,"minecraft:crouch_one_cm":4214,"minecraft:play_time":15849,"minecraft:sprint_one_cm":41094,"minecraft:walk_one_cm":24587,"minecraft:damage_taken":1120,"minecraft:deaths":4,"minecraft:sneak_time":2970,"minecraft:drop":2,"minecraft:damage_dealt_resisted":682,"minecraft:jump":395,"minecraft:damage_dealt":274,"minecraft:time_since_death":6864,"minecraft:total_world_time":15849,"minecraft:interact_with_crafting_table":1,"minecraft:fall_one_cm":7396,"minecraft:fly_one_cm":84012,"minecraft:open_chest":1},"minecraft:picked_up":{"minecraft:stick":6,"minecraft:acacia_planks":3,"minecraft:torch":1,"minecraft:jungle_planks":8,"minecraft:player_head":1,"minecraft:melon_slice":7,"minecraft:white_wool":3,"minecraft:skeleton_skull":2,"minecraft:red_bed":1},"minecraft:mined":{"minecraft:skeleton_skull":2,"minecraft:melon":2,"minecraft:jungle_planks":8,"minecraft:dead_bush":6,"minecraft:red_bed":1,"minecraft:acacia_planks":3,"minecraft:white_wool":3,"minecraft:player_head":1,"minecraft:wall_torch":1},"minecraft:crafted":{"minecraft:crafting_table":1,"minecraft:air":1}},"DataVersion":3465}