{"stats":{"minecraft:dropped":{"minecraft:wheat_seeds":2,"farmersdelight:pumpkin_slice":3,"minecraft:cobblestone":1,"spartanshields:wooden_tower_shield":2,"tombstone:grave_key":2,"farmersdelight:sweet_berry_cookie":8,"paraglider:paraglider":2,"endermanoverhaul:badlands_hood":1,"born_in_chaos_v1:smoked_monster_flesh":1,"mowziesmobs:spear":1,"born_in_chaos_v1:corpse_maggot":1},"minecraft:custom":{"minecraft:mob_kills":23,"minecraft:interact_with_crafting_table":28,"minecraft:open_barrel":6,"minecraft:interact_with_campfire":7,"minecraft:damage_dealt_resisted":1055,"minecraft:time_since_death":10198,"minecraft:climb_one_cm":621,"minecraft:sprint_one_cm":176760,"minecraft:walk_one_cm":104048,"minecraft:damage_blocked_by_shield":978,"minecraft:drop":17,"minecraft:talked_to_villager":1,"minecraft:play_time":63849,"minecraft:deaths":6,"minecraft:sneak_time":5875,"minecraft:walk_under_water_one_cm":4084,"minecraft:jump":1412,"minecraft:walk_on_water_one_cm":8663,"minecraft:total_world_time":63849,"minecraft:interact_with_furnace":3,"tombstone:raider_killed":1,"minecraft:sleep_in_bed":5,"minecraft:time_since_rest":10055,"minecraft:damage_taken":2361,"minecraft:damage_dealt":5951,"minecraft:swim_one_cm":27268,"minecraft:fly_one_cm":273739,"minecraft:open_chest":11,"minecraft:crouch_one_cm":9797,"tombstone:undead_killed":7,"minecraft:interact_with_smoker":6,"minecraft:fall_one_cm":38336},"minecraft:used":{"minecraft:oak_fence":2,"minecraft:moss_block":1,"minecraft:shield":7,"aquaculture:wooden_fillet_knife":8,"minecraft:grass":1,"minecraft:player_head":2,"minecraft:rotten_flesh":2,"minecraft:torch":5,"minecraft:jungle_planks":1,"minecraft:cyan_wool":2,"farmersdelight:sweet_berry_cookie":6,"born_in_chaos_v1:corpse_maggot":3,"alexsmobs:maggot":2,"minecraft:wooden_axe":68,"spartanshields:wooden_tower_shield":14,"born_in_chaos_v1:smoked_flesh":3,"minecraft:iron_axe":11,"minecraft:mossy_cobblestone_slab":2,"minecraft:golden_sword":2,"farmersdelight:cutting_board":2,"mowziesmobs:spear":23,"minecraft:sweet_berries":1,"minecraft:furnace":1,"tombstone:gift":2,"minecraft:skeleton_skull":1,"minecraft:acacia_planks":3,"minecraft:orange_terracotta":6,"minecraft:torchflower":1,"minecraft:cobblestone_stairs":1,"minecraft:birch_planks":1,"minecraft:stone_pickaxe":22,"minecraft:cactus":1,"minecraft:wooden_pickaxe":31,"minecraft:cobblestone_slab":3,"farmersdelight:pumpkin_slice":2,"minecraft:white_wool":2,"minecraft:glow_berries":1,"minecraft:terracotta":21,"minecraft:crafting_table":5,"minecraft:red_bed":1,"minecraft:yellow_concrete":1,"minecraft:crossbow":2,"minecraft:campfire":1,"minecraft:smoker":1,"minecraft:apple":3,"minecraft:melon_slice":7,"minecraft:red_terracotta":2,"minecraft:stone_axe":6,"minecraft:cooked_porkchop":2,"minecraft:coarse_dirt":1,"minecraft:bone_meal":18},"minecraft:broken":{"minecraft:wooden_axe":2},"minecraft:picked_up":{"minecraft:coarse_dirt":1,"minecraft:crafting_table":2,"minecraft:wheat":4,"born_in_chaos_v1:smoked_monster_flesh":1,"farmersdelight:cutting_board":1,"minecraft:red_bed":1,"alexsmobs:emu_feather":1,"minecraft:cyan_wool":2,"minecraft:cobblestone_slab":3,"minecraft:player_head":2,"minecraft:light_gray_wool":3,"minecraft:melon_slice":7,"minecraft:sugar_cane":2,"minecraft:furnace":1,"minecraft:stick":33,"minecraft:oak_fence":2,"minecraft:torch":1,"tombstone:grave_dust":2,"born_in_chaos_v1:nightmare_claw":1,"minecraft:arrow":1,"minecraft:rotten_flesh":11,"endermanoverhaul:badlands_hood":1,"minecraft:glow_berries":2,"minecraft:skeleton_skull":2,"minecraft:white_wool":3,"minecraft:cobblestone":17,"born_in_chaos_v1:corpse_maggot":4,"minecraft:mossy_cobblestone_slab":2,"minecraft:feather":2,"born_in_chaos_v1:monster_flesh":4,"minecraft:jungle_wood":7,"minecraft:birch_planks":1,"minecraft:torchflower":1,"minecraft:oak_log":4,"minecraft:gunpowder":2,"minecraft:cobblestone_stairs":2,"minecraft:orange_terracotta":7,"born_in_chaos_v1:monster_skin":3,"minecraft:bone":6,"minecraft:acacia_planks":3,"minecraft:wheat_seeds":2,"farmersdelight:pumpkin_slice":5,"minecraft:moss_block":1,"minecraft:cooked_porkchop":3,"minecraft:pumpkin":1,"minecraft:sweet_berries":17,"minecraft:yellow_concrete":1,"minecraft:jungle_planks":8,"minecraft:spruce_log":5,"minecraft:red_terracotta":8,"minecraft:dark_oak_log":6,"minecraft:mossy_cobblestone":1,"minecraft:emerald":2,"minecraft:terracotta":21,"alexsmobs:maggot":2,"minecraft:dark_oak_fence":1,"minecraft:coal":2},"minecraft:mined":{"minecraft:mossy_cobblestone":1,"minecraft:cobblestone_stairs":2,"minecraft:dark_oak_log":6,"minecraft:jungle_planks":8,"minecraft:spruce_leaves":11,"minecraft:large_fern":2,"minecraft:mossy_cobblestone_slab":2,"minecraft:furnace":1,"minecraft:pumpkin":1,"minecraft:cobblestone_slab":3,"minecraft:stone":15,"minecraft:player_head":1,"minecraft:white_wool":3,"minecraft:red_bed":1,"minecraft:orange_terracotta":3,"minecraft:oak_fence":2,"minecraft:crafting_table":2,"minecraft:light_gray_terracotta":1,"minecraft:melon":2,"minecraft:dead_bush":39,"minecraft:tall_grass":1,"minecraft:cobblestone":1,"minecraft:sugar_cane":2,"minecraft:wall_torch":1,"minecraft:skeleton_skull":2,"minecraft:cyan_wool":2,"minecraft:birch_planks":1,"minecraft:coarse_dirt":1,"minecraft:jungle_wood":6,"minecraft:sweet_berry_bush":1,"minecraft:torchflower":1,"minecraft:spruce_log":5,"minecraft:light_gray_wool":3,"minecraft:grass":1,"minecraft:oak_log":4,"minecraft:yellow_concrete":1,"minecraft:terracotta":22,"minecraft:acacia_planks":4,"minecraft:oak_leaves":3},"minecraft:crafted":{"minecraft:oak_planks":4,"spartanshields:wooden_tower_shield":2,"minecraft:furnace":1,"minecraft:bone_meal":6,"minecraft:leather":3,"minecraft:stone_pickaxe":1,"minecraft:dark_oak_planks":8,"mowziesmobs:spear":2,"aquaculture:wooden_fillet_knife":1,"minecraft:smoker":1,"paraglider:paraglider":2,"minecraft:crafting_table":3,"minecraft:spruce_planks":2,"minecraft:wooden_pickaxe":1,"minecraft:campfire":1,"minecraft:stone_axe":1,"farmersdelight:sweet_berry_cookie":2,"minecraft:air":115,"minecraft:jungle_planks":7,"farmersdelight:cutting_board":1,"minecraft:shield":1,"minecraft:stick":6,"born_in_chaos_v1:smoked_flesh":3,"minecraft:iron_ingot":1,"minecraft:wooden_axe":3,"minecraft:torch":1},"minecraft:killed":{"minecraft:vindicator":1,"minecraft:spider":1,"born_in_chaos_v1:zombie_bruiser":1,"realmrpg_demons:chort":1,"endermanoverhaul:badlands_enderman":1,"born_in_chaos_v1:baby_skeleton":2,"born_in_chaos_v1:decrepit_skeleton":2,"alexsmobs:emu":2,"minecraft:zombie":2,"born_in_chaos_v1:corpse_fly":5,"alexsmobs:roadrunner":1,"born_in_chaos_v1:nightmare_stalker":1,"alexsmobs:fly":1}},"DataVersion":3465}