{"stats":{"minecraft:dropped":{"tombstone:grave_key":2,"tombstone:grave_dust":1,"minecraft:cobblestone":28,"minecraft:stone_pickaxe":3,"alexsmobs:cooked_kangaroo_meat":1,"minecraft:stick":1},"minecraft:used":{"alexsmobs:maggot":1,"minecraft:stone_pickaxe":140,"minecraft:oak_planks":1,"minecraft:wooden_pickaxe":56,"minecraft:item_frame":2,"minecraft:cobblestone":41,"minecraft:crafting_table":2,"minecraft:porkchop":1,"alexsmobs:cooked_kangaroo_meat":2,"tombstone:gift":2,"minecraft:brown_bed":1},"minecraft:custom":{"minecraft:time_since_rest":25371,"minecraft:interact_with_furnace":10,"minecraft:sprint_one_cm":51840,"minecraft:damage_taken":870,"minecraft:walk_one_cm":75421,"minecraft:drop":15,"minecraft:damage_dealt":-65,"minecraft:interact_with_crafting_table":6,"minecraft:fly_one_cm":19195,"minecraft:open_chest":1,"minecraft:crouch_one_cm":5757,"minecraft:play_time":31372,"minecraft:deaths":1,"minecraft:sneak_time":2617,"minecraft:jump":269,"minecraft:leave_game":2,"minecraft:time_since_death":25863,"minecraft:total_world_time":31372,"minecraft:climb_one_cm":844,"minecraft:fall_one_cm":5529},"minecraft:broken":{"minecraft:stone_pickaxe":1,"minecraft:wooden_pickaxe":1},"minecraft:picked_up":{"minecraft:stick":3,"minecraft:crafting_table":2,"minecraft:brown_bed":1,"minecraft:porkchop":1,"tombstone:grave_key":2,"tombstone:grave_dust":1,"alexsmobs:cooked_kangaroo_meat":2,"minecraft:item_frame":2,"minecraft:bone":1,"minecraft:stone_pickaxe":2,"alexsmobs:maggot":1,"minecraft:coal":3,"minecraft:oak_planks":1,"minecraft:cobblestone":195},"minecraft:mined":{"minecraft:crafting_table":2,"minecraft:brown_bed":1,"minecraft:coal_ore":3,"minecraft:dead_bush":5,"minecraft:stone":184,"minecraft:oak_planks":1},"minecraft:crafted":{"minecraft:crafting_table":1,"minecraft:stick":12,"minecraft:wooden_pickaxe":1,"minecraft:stone_pickaxe":3,"alexsmobs:cooked_kangaroo_meat":3}},"DataVersion":3465}