{"stats":{"minecraft:used":{"alexsmobs:maggot":1,"tombstone:gift":2},"minecraft:custom":{"minecraft:time_since_rest":4389,"minecraft:open_chest":1,"minecraft:crouch_one_cm":2227,"minecraft:play_time":10390,"minecraft:sprint_one_cm":22312,"minecraft:walk_one_cm":20801,"minecraft:damage_taken":530,"minecraft:deaths":1,"minecraft:sneak_time":494,"minecraft:drop":4,"minecraft:jump":87,"minecraft:damage_dealt":41,"minecraft:time_since_death":4881,"minecraft:total_world_time":10390,"minecraft:climb_one_cm":844,"minecraft:fall_one_cm":1105,"minecraft:fly_one_cm":10408},"minecraft:dropped":{"tombstone:grave_dust":1,"tombstone:grave_key":2,"minecraft:stick":1},"minecraft:picked_up":{"minecraft:stick":1,"tombstone:grave_key":2,"tombstone:grave_dust":1,"alexsmobs:maggot":1},"minecraft:mined":{"minecraft:dead_bush":2}},"DataVersion":3465}