{"stats":{"minecraft:dropped":{"tombstone:grave_key":2,"tombstone:grave_dust":1,"alexsmobs:cooked_kangaroo_meat":1,"minecraft:stick":1},"minecraft:used":{"alexsmobs:maggot":1,"minecraft:stone_pickaxe":24,"minecraft:oak_planks":1,"minecraft:wooden_pickaxe":56,"minecraft:item_frame":1,"minecraft:crafting_table":1,"minecraft:porkchop":1,"alexsmobs:cooked_kangaroo_meat":2,"tombstone:gift":2,"minecraft:brown_bed":1},"minecraft:custom":{"minecraft:time_since_rest":15631,"minecraft:interact_with_furnace":10,"minecraft:sprint_one_cm":48055,"minecraft:damage_taken":750,"minecraft:walk_one_cm":45492,"minecraft:drop":5,"minecraft:damage_dealt":-65,"minecraft:interact_with_crafting_table":4,"minecraft:fly_one_cm":18111,"minecraft:open_chest":1,"minecraft:crouch_one_cm":4768,"minecraft:play_time":21632,"minecraft:deaths":1,"minecraft:sneak_time":2335,"minecraft:jump":160,"minecraft:leave_game":1,"minecraft:time_since_death":16123,"minecraft:climb_one_cm":844,"minecraft:total_world_time":21632,"minecraft:fall_one_cm":2722},"minecraft:broken":{"minecraft:wooden_pickaxe":1},"minecraft:picked_up":{"minecraft:stick":3,"minecraft:crafting_table":1,"minecraft:brown_bed":1,"minecraft:porkchop":1,"tombstone:grave_key":2,"tombstone:grave_dust":1,"alexsmobs:cooked_kangaroo_meat":2,"minecraft:item_frame":2,"minecraft:bone":1,"alexsmobs:maggot":1,"minecraft:oak_planks":1,"minecraft:cobblestone":69},"minecraft:mined":{"minecraft:crafting_table":1,"minecraft:brown_bed":1,"minecraft:dead_bush":5,"minecraft:stone":71,"minecraft:oak_planks":1},"minecraft:crafted":{"minecraft:crafting_table":1,"minecraft:stick":4,"minecraft:wooden_pickaxe":1,"minecraft:stone_pickaxe":2,"alexsmobs:cooked_kangaroo_meat":3}},"DataVersion":3465}