{"stats":{"minecraft:dropped":{"minecraft:oak_fence_gate":1,"minecraft:porkchop":1,"alexsmobs:animal_dictionary":1,"minecraft:rotten_flesh":2,"minecraft:item_frame":1,"patchouli:guide_book":1,"alexsmobs:cooked_kangaroo_meat":1,"minecraft:bone":1},"minecraft:custom":{"minecraft:time_since_rest":24942,"minecraft:interact_with_furnace":8,"minecraft:sprint_one_cm":54721,"minecraft:damage_taken":360,"minecraft:walk_one_cm":130522,"minecraft:mob_kills":3,"minecraft:drop":9,"minecraft:damage_dealt":807,"minecraft:fly_one_cm":42422,"minecraft:open_barrel":3,"minecraft:crouch_one_cm":1991,"minecraft:play_time":24942,"tombstone:undead_killed":2,"minecraft:sneak_time":806,"minecraft:jump":419,"minecraft:leave_game":1,"minecraft:time_since_death":24942,"minecraft:total_world_time":24942,"minecraft:fall_one_cm":10086},"minecraft:used":{"alexsmobs:emu_egg":2,"minecraft:brown_terracotta":6,"minecraft:iron_pickaxe":50,"minecraft:terracotta":8,"minecraft:crafting_table":1,"alexsmobs:cooked_kangaroo_meat":2,"minecraft:brown_bed":2},"minecraft:picked_up":{"minecraft:stick":33,"minecraft:crafting_table":1,"minecraft:brown_terracotta":6,"minecraft:brown_bed":3,"minecraft:porkchop":1,"minecraft:oak_log":6,"minecraft:orange_terracotta":5,"minecraft:item_frame":1,"minecraft:bone":3,"minecraft:rotten_flesh":2,"alexsmobs:emu_feather":2,"minecraft:oak_fence_gate":1,"alexsmobs:emu_egg":3,"minecraft:terracotta":16,"minecraft:iron_pickaxe":1,"minecraft:cobblestone":16,"minecraft:oak_planks":3,"alexsmobs:kangaroo_meat":1,"minecraft:furnace":1},"minecraft:mined":{"minecraft:furnace":1,"minecraft:orange_terracotta":5,"minecraft:crafting_table":1,"minecraft:brown_bed":3,"minecraft:oak_log":6,"minecraft:oak_fence_gate":1,"minecraft:dead_bush":43,"minecraft:brown_terracotta":6,"minecraft:terracotta":16,"minecraft:stone":16,"minecraft:oak_planks":3},"minecraft:crafted":{"minecraft:oak_planks":24,"minecraft:crafting_table":1,"alexsmobs:cooked_kangaroo_meat":3},"minecraft:killed":{"born_in_chaos_v1:baby_skeleton":1,"born_in_chaos_v1:decrepit_skeleton":1,"alexsmobs:emu":1}},"DataVersion":3465}