{"stats":{"minecraft:dropped":{"minecraft:porkchop":1,"alexsmobs:animal_dictionary":1,"minecraft:rotten_flesh":2,"patchouli:guide_book":1,"alexsmobs:cooked_kangaroo_meat":1,"minecraft:item_frame":1,"minecraft:oak_fence_gate":1,"spartanshields:wooden_tower_shield":1,"minecraft:blue_orchid":1,"minecraft:cactus":7,"minecraft:bone":1},"minecraft:custom":{"minecraft:interact_with_furnace":25,"minecraft:mob_kills":21,"tombstone:raider_killed":1,"minecraft:interact_with_crafting_table":11,"minecraft:open_barrel":8,"minecraft:damage_dealt_resisted":430,"minecraft:leave_game":1,"minecraft:time_since_death":30951,"minecraft:sleep_in_bed":3,"minecraft:time_since_rest":10517,"minecraft:sprint_one_cm":149162,"minecraft:damage_taken":1282,"minecraft:walk_one_cm":292628,"minecraft:damage_blocked_by_shield":136,"minecraft:drop":18,"minecraft:damage_dealt":3271,"minecraft:talked_to_villager":1,"minecraft:fly_one_cm":95211,"minecraft:player_kills":1,"minecraft:open_chest":5,"minecraft:crouch_one_cm":6936,"minecraft:play_time":65300,"tombstone:undead_killed":7,"minecraft:deaths":1,"minecraft:sneak_time":3278,"minecraft:jump":979,"minecraft:interact_with_smoker":6,"minecraft:total_world_time":65300,"minecraft:fall_one_cm":20273},"minecraft:used":{"alexsmobs:emu_egg":2,"minecraft:stone_sword":61,"minecraft:spruce_slab":1,"minecraft:shield":7,"minecraft:rotten_flesh":3,"minecraft:terracotta":16,"minecraft:crafting_table":5,"minecraft:jungle_planks":2,"alexsmobs:cooked_kangaroo_meat":2,"born_in_chaos_v1:corpse_maggot":7,"minecraft:brown_terracotta":9,"minecraft:iron_pickaxe":100,"minecraft:stone_axe":41,"minecraft:cobblestone":22,"minecraft:furnace":2,"tombstone:gift":2,"minecraft:orange_terracotta":5,"minecraft:brown_bed":3},"minecraft:picked_up":{"born_in_chaos_v1:corpse_maggot":7,"minecraft:crafting_table":2,"minecraft:feather":1,"born_in_chaos_v1:seedof_chaos":1,"minecraft:jungle_log":5,"minecraft:jungle_wood":13,"minecraft:brown_bed":3,"minecraft:oak_log":6,"minecraft:string":2,"minecraft:orange_terracotta":5,"minecraft:item_frame":1,"minecraft:bone":5,"alexsmobs:emu_feather":4,"farmersdelight:pumpkin_slice":1,"minecraft:spruce_planks":8,"minecraft:iron_ingot":1,"minecraft:oak_fence_gate":1,"scalinghealth:power_crystal_shard":3,"minecraft:player_head":1,"minecraft:light_gray_wool":22,"minecraft:iron_pickaxe":1,"minecraft:spruce_slab":1,"minecraft:oak_planks":3,"minecraft:furnace":1,"minecraft:book":12,"minecraft:stick":57,"minecraft:brown_terracotta":9,"born_in_chaos_v1:ethereal_spirit":1,"spartanshields:wooden_tower_shield":1,"minecraft:porkchop":1,"minecraft:arrow":1,"minecraft:rotten_flesh":8,"minecraft:crossbow":1,"alexsmobs:emu_egg":4,"minecraft:terracotta":16,"minecraft:dark_oak_fence":12,"alexsmobs:kangaroo_meat":1,"minecraft:cobblestone":43},"minecraft:mined":{"minecraft:spruce_planks":8,"minecraft:player_wall_head":1,"minecraft:orange_terracotta":5,"minecraft:crafting_table":2,"minecraft:dark_oak_fence":13,"minecraft:dead_bush":66,"minecraft:jungle_log":5,"minecraft:cobblestone":8,"minecraft:oak_planks":3,"minecraft:jungle_wood":14,"minecraft:furnace":1,"farmersdelight:cutting_board":1,"minecraft:light_gray_wool":22,"minecraft:brown_bed":3,"minecraft:bookshelf":4,"minecraft:oak_log":6,"minecraft:oak_fence_gate":1,"minecraft:brown_terracotta":9,"minecraft:terracotta":16,"minecraft:stone":36,"minecraft:spruce_slab":1},"minecraft:crafted":{"minecraft:oak_planks":24,"minecraft:crafting_table":3,"alexsmobs:cooked_kangaroo_meat":3,"minecraft:furnace":1,"minecraft:stone_axe":1,"minecraft:jungle_planks":70,"minecraft:shield":1,"born_in_chaos_v1:smoked_flesh":5,"minecraft:iron_ingot":3,"minecraft:stone_sword":1,"minecraft:gold_ingot":7},"minecraft:killed":{"born_in_chaos_v1:spiritof_chaos":1,"minecraft:zombie_villager":1,"born_in_chaos_v1:baby_skeleton":1,"minecraft:spider":1,"born_in_chaos_v1:zombie_bruiser":1,"born_in_chaos_v1:decrepit_skeleton":2,"alexsmobs:emu":1,"minecraft:skeleton":1,"minecraft:pillager":1,"born_in_chaos_v1:dread_hound":1,"born_in_chaos_v1:corpse_fly":4,"born_in_chaos_v1:door_knight":1}},"DataVersion":3465}