{"stats":{"minecraft:dropped":{"minecraft:porkchop":1,"alexsmobs:animal_dictionary":1,"minecraft:rotten_flesh":2,"patchouli:guide_book":1,"alexsmobs:cooked_kangaroo_meat":1,"minecraft:item_frame":1,"minecraft:oak_fence_gate":1,"spartanshields:wooden_tower_shield":1,"minecraft:blue_orchid":1,"minecraft:cactus":7,"minecraft:bone":1},"minecraft:custom":{"minecraft:interact_with_furnace":23,"minecraft:mob_kills":11,"minecraft:interact_with_crafting_table":6,"minecraft:open_barrel":8,"minecraft:damage_dealt_resisted":303,"minecraft:leave_game":1,"minecraft:time_since_death":18951,"minecraft:sleep_in_bed":1,"minecraft:time_since_rest":5295,"minecraft:sprint_one_cm":121514,"minecraft:damage_taken":1070,"minecraft:walk_one_cm":233042,"minecraft:drop":18,"minecraft:damage_dealt":1762,"minecraft:fly_one_cm":75366,"minecraft:open_chest":3,"minecraft:crouch_one_cm":6936,"minecraft:play_time":53300,"tombstone:undead_killed":4,"minecraft:deaths":1,"minecraft:sneak_time":3278,"minecraft:jump":796,"minecraft:total_world_time":53300,"minecraft:fall_one_cm":17287},"minecraft:used":{"alexsmobs:emu_egg":2,"minecraft:stone_sword":23,"minecraft:spruce_slab":1,"minecraft:rotten_flesh":3,"minecraft:terracotta":16,"minecraft:crafting_table":3,"alexsmobs:cooked_kangaroo_meat":2,"born_in_chaos_v1:corpse_maggot":5,"minecraft:brown_terracotta":9,"minecraft:iron_pickaxe":100,"minecraft:stone_axe":26,"minecraft:cobblestone":22,"minecraft:furnace":1,"tombstone:gift":2,"minecraft:orange_terracotta":5,"minecraft:brown_bed":3},"minecraft:picked_up":{"born_in_chaos_v1:corpse_maggot":5,"minecraft:crafting_table":2,"minecraft:jungle_log":5,"minecraft:jungle_wood":13,"minecraft:brown_bed":3,"minecraft:oak_log":6,"minecraft:string":1,"minecraft:orange_terracotta":5,"minecraft:item_frame":1,"minecraft:bone":3,"alexsmobs:emu_feather":2,"minecraft:spruce_planks":8,"minecraft:oak_fence_gate":1,"minecraft:player_head":1,"minecraft:iron_pickaxe":1,"minecraft:spruce_slab":1,"minecraft:oak_planks":3,"minecraft:furnace":1,"minecraft:book":12,"minecraft:stick":55,"minecraft:brown_terracotta":9,"spartanshields:wooden_tower_shield":1,"minecraft:porkchop":1,"minecraft:rotten_flesh":5,"alexsmobs:emu_egg":4,"minecraft:terracotta":16,"alexsmobs:kangaroo_meat":1,"minecraft:cobblestone":43},"minecraft:mined":{"minecraft:spruce_planks":8,"minecraft:player_wall_head":1,"minecraft:orange_terracotta":5,"minecraft:crafting_table":2,"minecraft:dead_bush":65,"minecraft:jungle_log":5,"minecraft:cobblestone":8,"minecraft:oak_planks":3,"minecraft:jungle_wood":14,"minecraft:furnace":1,"minecraft:brown_bed":3,"minecraft:bookshelf":4,"minecraft:oak_log":6,"minecraft:oak_fence_gate":1,"minecraft:brown_terracotta":9,"minecraft:terracotta":16,"minecraft:stone":36,"minecraft:spruce_slab":1},"minecraft:crafted":{"minecraft:oak_planks":24,"minecraft:crafting_table":2,"alexsmobs:cooked_kangaroo_meat":3,"minecraft:stone_axe":1,"minecraft:jungle_planks":58,"minecraft:shield":1,"minecraft:iron_ingot":3,"minecraft:stone_sword":1,"minecraft:gold_ingot":7},"minecraft:killed":{"minecraft:zombie_villager":1,"born_in_chaos_v1:baby_skeleton":1,"minecraft:spider":1,"born_in_chaos_v1:decrepit_skeleton":1,"alexsmobs:emu":1,"born_in_chaos_v1:corpse_fly":1,"born_in_chaos_v1:door_knight":1}},"DataVersion":3465}