{"stats":{"minecraft:dropped":{"minecraft:porkchop":1,"alexsmobs:animal_dictionary":1,"minecraft:wheat":4,"minecraft:plenty_pottery_sherd":1,"minecraft:rotten_flesh":2,"patchouli:guide_book":1,"alexsmobs:cooked_kangaroo_meat":1,"minecraft:item_frame":2,"tombstone:bag_of_seeds":1,"minecraft:oak_fence_gate":1,"minecraft:dark_oak_fence":9,"spartanshields:wooden_tower_shield":1,"minecraft:blade_pottery_sherd":1,"minecraft:light_gray_bed":1,"tombstone:grave_dust":2,"minecraft:miner_pottery_sherd":1,"minecraft:blue_orchid":1,"minecraft:cactus":7,"minecraft:bone":1},"minecraft:custom":{"minecraft:interact_with_furnace":26,"minecraft:mob_kills":24,"tombstone:raider_killed":1,"minecraft:interact_with_crafting_table":14,"minecraft:open_barrel":8,"minecraft:damage_dealt_resisted":430,"minecraft:leave_game":1,"minecraft:time_since_death":42951,"minecraft:sleep_in_bed":4,"minecraft:time_since_rest":4699,"minecraft:sprint_one_cm":189585,"minecraft:damage_taken":1542,"minecraft:walk_one_cm":323853,"minecraft:damage_blocked_by_shield":136,"minecraft:drop":31,"minecraft:damage_dealt":3593,"minecraft:swim_one_cm":5154,"minecraft:talked_to_villager":1,"minecraft:fly_one_cm":150158,"minecraft:player_kills":1,"minecraft:open_chest":9,"minecraft:crouch_one_cm":7791,"minecraft:play_time":77300,"tombstone:undead_killed":7,"minecraft:deaths":1,"minecraft:sneak_time":3552,"minecraft:walk_under_water_one_cm":3032,"minecraft:jump":1256,"minecraft:walk_on_water_one_cm":1461,"minecraft:interact_with_smoker":6,"minecraft:total_world_time":77300,"minecraft:fall_one_cm":31488},"minecraft:used":{"alexsmobs:emu_egg":2,"minecraft:water_bucket":7,"minecraft:torchflower":1,"minecraft:stone_sword":74,"minecraft:stone_shovel":15,"minecraft:spruce_slab":1,"minecraft:shield":7,"farmersdelight:pumpkin_slice":1,"minecraft:rotten_flesh":3,"minecraft:terracotta":16,"minecraft:crafting_table":7,"minecraft:jungle_planks":2,"alexsmobs:cooked_kangaroo_meat":2,"born_in_chaos_v1:corpse_maggot":7,"minecraft:brown_terracotta":9,"born_in_chaos_v1:smoked_flesh":4,"minecraft:lava_bucket":1,"minecraft:iron_pickaxe":101,"minecraft:stone_axe":44,"minecraft:cobblestone":22,"minecraft:furnace":3,"minecraft:bucket":9,"tombstone:gift":2,"minecraft:coarse_dirt":1,"minecraft:bone_meal":18,"minecraft:orange_terracotta":5,"minecraft:light_gray_bed":2,"minecraft:brown_bed":3},"minecraft:picked_up":{"born_in_chaos_v1:corpse_maggot":7,"minecraft:coarse_dirt":7,"minecraft:crafting_table":4,"minecraft:feather":1,"born_in_chaos_v1:seedof_chaos":1,"minecraft:jungle_log":5,"minecraft:jungle_wood":13,"minecraft:brown_bed":4,"minecraft:torchflower":2,"minecraft:oak_log":6,"mowziesmobs:spear":1,"minecraft:string":2,"minecraft:orange_terracotta":5,"minecraft:item_frame":2,"minecraft:bone":5,"minecraft:raw_gold":1,"farmersdelight:sweet_berry_cookie":8,"alexsmobs:emu_feather":5,"farmersdelight:pumpkin_slice":1,"minecraft:spruce_planks":8,"minecraft:iron_ingot":1,"minecraft:oak_fence_gate":1,"tombstone:bag_of_seeds":1,"minecraft:blade_pottery_sherd":1,"scalinghealth:power_crystal_shard":3,"minecraft:player_head":1,"minecraft:light_gray_wool":22,"minecraft:iron_pickaxe":2,"minecraft:spruce_slab":1,"minecraft:chest":1,"minecraft:oak_planks":3,"minecraft:furnace":1,"minecraft:book":12,"minecraft:stick":60,"minecraft:sweet_berries":29,"minecraft:brown_terracotta":9,"born_in_chaos_v1:ethereal_spirit":1,"spartanshields:wooden_tower_shield":1,"minecraft:porkchop":1,"tombstone:grave_dust":1,"minecraft:arrow":2,"minecraft:light_gray_bed":2,"minecraft:rotten_flesh":8,"minecraft:miner_pottery_sherd":1,"minecraft:crossbow":1,"alexsmobs:emu_egg":4,"minecraft:emerald":1,"minecraft:terracotta":16,"minecraft:plenty_pottery_sherd":1,"minecraft:dark_oak_fence":12,"alexsmobs:kangaroo_meat":1,"minecraft:cobblestone":43},"minecraft:mined":{"minecraft:spruce_planks":8,"minecraft:player_wall_head":1,"minecraft:orange_terracotta":5,"minecraft:crafting_table":4,"minecraft:dark_oak_fence":13,"minecraft:decorated_pot":1,"minecraft:chest":1,"minecraft:dead_bush":68,"minecraft:jungle_log":5,"minecraft:light_gray_bed":1,"minecraft:cobblestone":8,"minecraft:oak_planks":3,"minecraft:coarse_dirt":14,"minecraft:jungle_wood":14,"minecraft:furnace":1,"farmersdelight:cutting_board":1,"minecraft:torchflower":2,"minecraft:light_gray_wool":22,"minecraft:brown_bed":4,"minecraft:bookshelf":4,"minecraft:oak_log":6,"minecraft:oak_fence_gate":1,"minecraft:brown_terracotta":9,"minecraft:terracotta":16,"minecraft:stone":36,"minecraft:gold_ore":1,"minecraft:spruce_slab":1},"minecraft:crafted":{"minecraft:oak_planks":24,"minecraft:stone_shovel":1,"minecraft:crafting_table":3,"alexsmobs:cooked_kangaroo_meat":3,"minecraft:furnace":2,"minecraft:bone_meal":18,"minecraft:bucket":1,"minecraft:stone_axe":1,"minecraft:jungle_planks":70,"minecraft:light_gray_bed":1,"minecraft:shield":1,"born_in_chaos_v1:smoked_flesh":5,"minecraft:iron_ingot":3,"minecraft:stone_sword":1,"minecraft:gold_ingot":7},"minecraft:killed":{"born_in_chaos_v1:spiritof_chaos":1,"minecraft:zombie_villager":1,"born_in_chaos_v1:baby_skeleton":1,"minecraft:spider":1,"born_in_chaos_v1:zombie_bruiser":1,"born_in_chaos_v1:decrepit_skeleton":2,"alexsmobs:emu":2,"minecraft:skeleton":1,"minecraft:pillager":1,"born_in_chaos_v1:dread_hound":1,"born_in_chaos_v1:corpse_fly":4,"alexsmobs:roadrunner":1,"born_in_chaos_v1:door_knight":1}},"DataVersion":3465}