{"stats":{"minecraft:dropped":{"minecraft:oak_fence_gate":1,"minecraft:porkchop":1,"alexsmobs:animal_dictionary":1,"minecraft:rotten_flesh":2,"minecraft:item_frame":1,"minecraft:bone":1,"patchouli:guide_book":1,"alexsmobs:cooked_kangaroo_meat":1},"minecraft:custom":{"minecraft:time_since_rest":29300,"minecraft:interact_with_furnace":8,"minecraft:sprint_one_cm":68947,"minecraft:damage_taken":465,"minecraft:walk_one_cm":142568,"minecraft:mob_kills":3,"minecraft:drop":9,"minecraft:damage_dealt":874,"minecraft:interact_with_crafting_table":1,"minecraft:fly_one_cm":44805,"minecraft:open_barrel":3,"minecraft:crouch_one_cm":2969,"minecraft:play_time":29300,"tombstone:undead_killed":2,"minecraft:sneak_time":1292,"minecraft:jump":469,"minecraft:leave_game":1,"minecraft:time_since_death":29300,"minecraft:total_world_time":29300,"minecraft:fall_one_cm":10961},"minecraft:used":{"alexsmobs:emu_egg":2,"minecraft:brown_terracotta":9,"minecraft:iron_pickaxe":75,"minecraft:terracotta":16,"minecraft:crafting_table":2,"alexsmobs:cooked_kangaroo_meat":2,"minecraft:brown_bed":2},"minecraft:picked_up":{"minecraft:stick":33,"minecraft:crafting_table":1,"minecraft:brown_terracotta":9,"minecraft:brown_bed":3,"minecraft:porkchop":1,"minecraft:oak_log":6,"minecraft:orange_terracotta":5,"minecraft:item_frame":1,"minecraft:bone":3,"minecraft:rotten_flesh":2,"alexsmobs:emu_feather":2,"minecraft:oak_fence_gate":1,"alexsmobs:emu_egg":3,"minecraft:terracotta":16,"minecraft:iron_pickaxe":1,"minecraft:oak_planks":3,"alexsmobs:kangaroo_meat":1,"minecraft:furnace":1,"minecraft:cobblestone":36},"minecraft:mined":{"minecraft:furnace":1,"minecraft:orange_terracotta":5,"minecraft:crafting_table":1,"minecraft:brown_bed":3,"minecraft:oak_log":6,"minecraft:oak_fence_gate":1,"minecraft:dead_bush":45,"minecraft:brown_terracotta":9,"minecraft:terracotta":16,"minecraft:stone":36,"minecraft:oak_planks":3},"minecraft:crafted":{"minecraft:oak_planks":24,"minecraft:crafting_table":1,"alexsmobs:cooked_kangaroo_meat":3},"minecraft:killed":{"born_in_chaos_v1:baby_skeleton":1,"born_in_chaos_v1:decrepit_skeleton":1,"alexsmobs:emu":1}},"DataVersion":3465}