{"stats":{"minecraft:dropped":{"minecraft:oak_fence_gate":1,"minecraft:rotten_flesh":2,"alexsmobs:animal_dictionary":1,"patchouli:guide_book":1,"minecraft:bone":1},"minecraft:custom":{"minecraft:time_since_rest":14848,"minecraft:crouch_one_cm":652,"minecraft:play_time":14848,"minecraft:sprint_one_cm":35575,"minecraft:damage_taken":270,"tombstone:undead_killed":2,"minecraft:walk_one_cm":107841,"minecraft:sneak_time":142,"minecraft:mob_kills":2,"minecraft:drop":6,"minecraft:jump":279,"minecraft:damage_dealt":638,"minecraft:time_since_death":14848,"minecraft:total_world_time":14848,"minecraft:fly_one_cm":18707,"minecraft:fall_one_cm":5256,"minecraft:open_barrel":3},"minecraft:used":{"alexsmobs:emu_egg":2},"minecraft:picked_up":{"minecraft:stick":33,"minecraft:item_frame":1,"minecraft:bone":3,"minecraft:rotten_flesh":2,"minecraft:brown_bed":1,"minecraft:oak_fence_gate":1,"alexsmobs:emu_egg":2,"minecraft:oak_log":6,"minecraft:iron_pickaxe":1,"minecraft:oak_planks":3},"minecraft:mined":{"minecraft:oak_log":6,"minecraft:oak_fence_gate":1,"minecraft:dead_bush":42,"minecraft:oak_planks":3,"minecraft:brown_bed":1},"minecraft:crafted":{"minecraft:oak_planks":24},"minecraft:killed":{"born_in_chaos_v1:baby_skeleton":1,"born_in_chaos_v1:decrepit_skeleton":1}},"DataVersion":3465}