{"stats":{"minecraft:custom":{"minecraft:mob_kills":24,"minecraft:interact_with_crafting_table":23,"minecraft:open_barrel":8,"minecraft:damage_dealt_resisted":430,"minecraft:leave_game":1,"minecraft:time_since_death":54951,"minecraft:sprint_one_cm":192868,"minecraft:walk_one_cm":356419,"minecraft:damage_blocked_by_shield":136,"minecraft:drop":35,"minecraft:talked_to_villager":1,"minecraft:play_time":89300,"minecraft:deaths":1,"minecraft:sneak_time":4232,"minecraft:walk_under_water_one_cm":3884,"minecraft:jump":1478,"minecraft:walk_on_water_one_cm":4738,"minecraft:total_world_time":89300,"minecraft:interact_with_furnace":36,"tombstone:raider_killed":1,"minecraft:sleep_in_bed":4,"minecraft:time_since_rest":16699,"minecraft:damage_taken":1622,"minecraft:damage_dealt":3593,"minecraft:swim_one_cm":5154,"minecraft:fly_one_cm":153661,"minecraft:player_kills":1,"minecraft:open_chest":14,"minecraft:crouch_one_cm":8733,"tombstone:undead_killed":7,"minecraft:interact_with_smoker":6,"minecraft:fall_one_cm":34785},"minecraft:dropped":{"minecraft:porkchop":1,"minecraft:wheat_seeds":2,"minecraft:plenty_pottery_sherd":1,"minecraft:coal":2,"minecraft:item_frame":2,"tombstone:bag_of_seeds":1,"minecraft:dark_oak_fence":9,"spartanshields:wooden_tower_shield":1,"tombstone:grave_dust":2,"minecraft:cactus":7,"minecraft:bone":1,"alexsmobs:animal_dictionary":1,"minecraft:wheat":4,"minecraft:rotten_flesh":2,"patchouli:guide_book":1,"alexsmobs:cooked_kangaroo_meat":1,"minecraft:oak_fence_gate":1,"minecraft:blade_pottery_sherd":1,"minecraft:light_gray_bed":1,"minecraft:miner_pottery_sherd":1,"minecraft:blue_orchid":1},"minecraft:used":{"alexsmobs:emu_egg":2,"minecraft:moss_block":5,"minecraft:stone_sword":74,"minecraft:spruce_slab":1,"minecraft:stone_shovel":15,"minecraft:chest":1,"minecraft:shield":7,"minecraft:rotten_flesh":3,"minecraft:torch":12,"minecraft:jungle_planks":2,"alexsmobs:cooked_kangaroo_meat":2,"born_in_chaos_v1:corpse_maggot":7,"minecraft:brown_terracotta":9,"born_in_chaos_v1:smoked_flesh":4,"minecraft:lava_bucket":1,"minecraft:furnace":4,"tombstone:gift":2,"minecraft:orange_terracotta":5,"minecraft:light_gray_bed":2,"minecraft:brown_bed":3,"minecraft:water_bucket":7,"minecraft:torchflower":1,"farmersdelight:pumpkin_slice":1,"minecraft:sand":3,"minecraft:terracotta":16,"minecraft:crafting_table":7,"nifty:marble":1,"minecraft:iron_pickaxe":231,"minecraft:stone_axe":44,"minecraft:cobblestone":32,"minecraft:bucket":9,"minecraft:coarse_dirt":7,"minecraft:bone_meal":18},"minecraft:broken":{"minecraft:iron_pickaxe":1},"minecraft:picked_up":{"minecraft:crafting_table":4,"minecraft:coarse_dirt":7,"born_in_chaos_v1:seedof_chaos":1,"minecraft:brown_bed":4,"mowziesmobs:spear":1,"minecraft:string":2,"minecraft:item_frame":2,"alexsmobs:emu_feather":5,"minecraft:spruce_planks":8,"minecraft:player_head":1,"minecraft:spruce_slab":1,"minecraft:iron_pickaxe":2,"minecraft:light_gray_wool":22,"minecraft:chest":1,"minecraft:furnace":1,"minecraft:raw_iron":4,"minecraft:stick":60,"minecraft:brown_terracotta":9,"minecraft:porkchop":1,"tombstone:grave_dust":1,"minecraft:arrow":2,"minecraft:light_gray_bed":2,"minecraft:rotten_flesh":8,"alexsmobs:emu_egg":4,"minecraft:glow_berries":8,"alexsmobs:kangaroo_meat":1,"minecraft:cobblestone":75,"paraglider:paraglider":1,"born_in_chaos_v1:corpse_maggot":7,"minecraft:feather":1,"minecraft:jungle_log":5,"minecraft:jungle_wood":13,"minecraft:torchflower":2,"minecraft:oak_log":6,"minecraft:orange_terracotta":5,"nifty:marble":1,"minecraft:bone":5,"minecraft:wheat_seeds":2,"farmersdelight:sweet_berry_cookie":8,"minecraft:raw_gold":18,"farmersdelight:pumpkin_slice":1,"minecraft:iron_ingot":1,"minecraft:oak_fence_gate":1,"minecraft:blade_pottery_sherd":1,"scalinghealth:power_crystal_shard":3,"tombstone:bag_of_seeds":1,"minecraft:moss_block":5,"minecraft:oak_planks":3,"minecraft:book":12,"minecraft:sweet_berries":29,"born_in_chaos_v1:ethereal_spirit":1,"spartanshields:wooden_tower_shield":1,"minecraft:miner_pottery_sherd":1,"minecraft:crossbow":1,"minecraft:emerald":1,"minecraft:plenty_pottery_sherd":1,"minecraft:terracotta":16,"minecraft:dark_oak_fence":12,"minecraft:coal":70},"minecraft:mined":{"minecraft:spruce_planks":8,"minecraft:cave_vines_plant":4,"minecraft:dark_oak_fence":13,"minecraft:decorated_pot":1,"minecraft:jungle_log":5,"minecraft:light_gray_bed":1,"minecraft:moss_block":6,"minecraft:furnace":1,"minecraft:iron_ore":4,"minecraft:brown_bed":4,"minecraft:bookshelf":4,"minecraft:cave_vines":8,"minecraft:stone":68,"minecraft:spruce_slab":1,"minecraft:player_wall_head":1,"minecraft:orange_terracotta":5,"minecraft:crafting_table":4,"minecraft:chest":1,"minecraft:dead_bush":68,"minecraft:cobblestone":8,"minecraft:oak_planks":3,"minecraft:coarse_dirt":14,"minecraft:jungle_wood":14,"farmersdelight:cutting_board":1,"minecraft:torchflower":2,"minecraft:light_gray_wool":22,"minecraft:oak_log":6,"minecraft:coal_ore":69,"minecraft:oak_fence_gate":1,"minecraft:brown_terracotta":9,"nifty:marble":1,"minecraft:terracotta":16,"minecraft:gold_ore":18},"minecraft:crafted":{"minecraft:oak_planks":24,"minecraft:stone_shovel":1,"minecraft:furnace":3,"minecraft:bone_meal":18,"minecraft:bookshelf":4,"minecraft:crafting_table":3,"alexsmobs:cooked_kangaroo_meat":3,"minecraft:bucket":1,"minecraft:stone_axe":1,"minecraft:jungle_planks":70,"minecraft:light_gray_bed":1,"minecraft:shield":1,"born_in_chaos_v1:smoked_flesh":5,"minecraft:iron_ingot":3,"minecraft:stone_sword":1,"minecraft:gold_ingot":20,"minecraft:torch":64},"minecraft:killed":{"minecraft:spider":1,"born_in_chaos_v1:zombie_bruiser":1,"minecraft:skeleton":1,"born_in_chaos_v1:spiritof_chaos":1,"minecraft:zombie_villager":1,"born_in_chaos_v1:baby_skeleton":1,"born_in_chaos_v1:decrepit_skeleton":2,"alexsmobs:emu":2,"minecraft:pillager":1,"born_in_chaos_v1:dread_hound":1,"born_in_chaos_v1:corpse_fly":4,"alexsmobs:roadrunner":1,"born_in_chaos_v1:door_knight":1}},"DataVersion":3465}