{"stats":{"minecraft:dropped":{"minecraft:oak_fence_gate":1,"minecraft:porkchop":1,"alexsmobs:animal_dictionary":1,"minecraft:rotten_flesh":2,"minecraft:item_frame":1,"minecraft:bone":1,"patchouli:guide_book":1,"alexsmobs:cooked_kangaroo_meat":1},"minecraft:custom":{"minecraft:time_since_rest":6095,"minecraft:interact_with_furnace":8,"minecraft:sprint_one_cm":111413,"minecraft:damage_taken":692,"minecraft:walk_one_cm":179531,"minecraft:mob_kills":4,"minecraft:drop":9,"minecraft:damage_dealt":1115,"minecraft:interact_with_crafting_table":1,"minecraft:fly_one_cm":68469,"minecraft:open_barrel":7,"minecraft:open_chest":1,"minecraft:crouch_one_cm":6439,"minecraft:play_time":41300,"tombstone:undead_killed":3,"minecraft:deaths":1,"minecraft:sneak_time":3138,"minecraft:jump":657,"minecraft:leave_game":1,"minecraft:time_since_death":6951,"minecraft:total_world_time":41300,"minecraft:fall_one_cm":15356},"minecraft:used":{"alexsmobs:emu_egg":2,"minecraft:brown_terracotta":9,"minecraft:iron_pickaxe":91,"minecraft:cobblestone":22,"minecraft:terracotta":16,"minecraft:crafting_table":2,"alexsmobs:cooked_kangaroo_meat":2,"tombstone:gift":2,"minecraft:brown_bed":2},"minecraft:picked_up":{"minecraft:stick":54,"minecraft:crafting_table":1,"minecraft:brown_terracotta":9,"minecraft:brown_bed":3,"minecraft:porkchop":1,"minecraft:oak_log":6,"minecraft:orange_terracotta":5,"minecraft:item_frame":1,"minecraft:bone":3,"minecraft:rotten_flesh":3,"alexsmobs:emu_feather":2,"minecraft:oak_fence_gate":1,"alexsmobs:emu_egg":4,"minecraft:player_head":1,"minecraft:terracotta":16,"minecraft:iron_pickaxe":1,"minecraft:oak_planks":3,"alexsmobs:kangaroo_meat":1,"minecraft:furnace":1,"minecraft:cobblestone":43},"minecraft:mined":{"minecraft:furnace":1,"minecraft:player_wall_head":1,"minecraft:orange_terracotta":5,"minecraft:crafting_table":1,"minecraft:brown_bed":3,"minecraft:oak_log":6,"minecraft:oak_fence_gate":1,"minecraft:dead_bush":65,"minecraft:brown_terracotta":9,"minecraft:cobblestone":8,"minecraft:terracotta":16,"minecraft:stone":36,"minecraft:oak_planks":3},"minecraft:crafted":{"minecraft:oak_planks":24,"minecraft:crafting_table":1,"alexsmobs:cooked_kangaroo_meat":3},"minecraft:killed":{"minecraft:zombie_villager":1,"born_in_chaos_v1:baby_skeleton":1,"born_in_chaos_v1:decrepit_skeleton":1,"alexsmobs:emu":1}},"DataVersion":3465}