{"stats":{"minecraft:dropped":{"alexsmobs:animal_dictionary":1,"patchouli:guide_book":1},"minecraft:custom":{"minecraft:jump":88,"minecraft:time_since_rest":2848,"minecraft:damage_dealt":357,"tombstone:undead_killed":1,"minecraft:sprint_one_cm":18660,"minecraft:play_time":2848,"minecraft:damage_taken":95,"minecraft:time_since_death":2848,"minecraft:walk_one_cm":7266,"minecraft:total_world_time":2848,"minecraft:mob_kills":1,"minecraft:fall_one_cm":2119,"minecraft:drop":2,"minecraft:fly_one_cm":10557},"minecraft:picked_up":{"minecraft:stick":2,"minecraft:bone":2,"minecraft:rotten_flesh":2},"minecraft:mined":{"minecraft:dead_bush":3},"minecraft:killed":{"born_in_chaos_v1:decrepit_skeleton":1}},"DataVersion":3465}