{"stats":{"minecraft:custom":{"minecraft:interact_with_furnace":4,"minecraft:mob_kills":5,"minecraft:interact_with_crafting_table":6,"minecraft:leave_game":2,"minecraft:time_since_death":2726,"minecraft:sleep_in_bed":1,"minecraft:time_since_rest":2258,"minecraft:sprint_one_cm":131204,"minecraft:damage_taken":1545,"minecraft:walk_one_cm":110419,"minecraft:drop":5,"minecraft:damage_dealt":1424,"minecraft:fly_one_cm":157677,"minecraft:open_chest":12,"minecraft:crouch_one_cm":6948,"minecraft:play_time":39978,"minecraft:deaths":4,"minecraft:sneak_time":3041,"minecraft:walk_under_water_one_cm":170,"minecraft:jump":866,"minecraft:walk_on_water_one_cm":2868,"minecraft:total_world_time":39978,"minecraft:interact_with_smoker":1,"minecraft:fall_one_cm":23986},"minecraft:used":{"minecraft:wheat_seeds":7,"minecraft:stone_pickaxe":126,"minecraft:oak_planks":44,"minecraft:chest":1,"minecraft:iron_sword":14,"minecraft:terracotta":8,"minecraft:crafting_table":2,"scalinghealth:cursed_heart":1,"minecraft:granite":1,"minecraft:brown_terracotta":7,"minecraft:wooden_hoe":24,"minecraft:melon_slice":3,"minecraft:bread":2,"minecraft:stone_axe":66,"born_in_chaos_v1:nightmare_stalker_skull":1,"minecraft:cobblestone":79,"minecraft:furnace":1,"tombstone:gift":3,"alexsmobs:animal_dictionary":1,"minecraft:orange_terracotta":1},"minecraft:dropped":{"farmersdelight:tomato_seeds":1,"minecraft:wheat_seeds":1,"tombstone:gift":1,"minecraft:filled_map":1,"minecraft:terracotta":1},"minecraft:broken":{"minecraft:stone_pickaxe":1},"minecraft:picked_up":{"minecraft:crafting_table":2,"minecraft:wheat":1,"minecraft:feather":1,"born_in_chaos_v1:monster_flesh":3,"minecraft:filled_map":1,"minecraft:oak_log":15,"alexsmobs:gazelle_horn":1,"minecraft:red_bed":1,"born_in_chaos_v1:nightmare_stalker_skull":1,"tombstone:gift":1,"minecraft:orange_terracotta":1,"minecraft:wheat_seeds":8,"alexsmobs:emu_feather":1,"minecraft:stone_pickaxe":1,"minecraft:melon_slice":95,"minecraft:chest":1,"minecraft:stick":31,"minecraft:raw_iron":8,"minecraft:brown_terracotta":7,"minecraft:acacia_log":15,"farmersdelight:tomato_seeds":1,"born_in_chaos_v1:nightmare_claw":1,"minecraft:hay_block":5,"minecraft:granite":1,"scalinghealth:cursed_heart":1,"minecraft:terracotta":16,"minecraft:coal":14,"minecraft:cobblestone":89},"minecraft:mined":{"minecraft:acacia_leaves":3,"minecraft:red_bed":1,"minecraft:orange_terracotta":1,"minecraft:crafting_table":2,"minecraft:granite":1,"minecraft:acacia_log":16,"minecraft:melon":21,"minecraft:chest":1,"minecraft:dead_bush":38,"minecraft:cobblestone":34,"minecraft:tall_grass":1,"farmersdelight:wild_tomatoes":1,"minecraft:hay_block":5,"minecraft:iron_ore":8,"minecraft:grass":100,"minecraft:coal_ore":10,"minecraft:oak_log":15,"minecraft:brown_terracotta":7,"minecraft:terracotta":15,"minecraft:stone":50},"minecraft:crafted":{"minecraft:oak_planks":60,"minecraft:crafting_table":1,"minecraft:iron_sword":1,"minecraft:furnace":1,"minecraft:stone_axe":1,"minecraft:bread":3,"minecraft:wooden_hoe":1,"minecraft:stick":12,"minecraft:iron_ingot":7,"minecraft:iron_pickaxe":1},"minecraft:killed":{"alexsmobs:emu":1,"alexsmobs:gazelle":1,"realmrpg_demons:chort":2,"born_in_chaos_v1:nightmare_stalker":1}},"DataVersion":3465}