{"stats":{"minecraft:used":{"minecraft:wheat_seeds":7,"minecraft:wooden_hoe":19,"minecraft:brown_terracotta":7,"minecraft:stone_pickaxe":105,"minecraft:oak_planks":1,"minecraft:stone_axe":45,"minecraft:cobblestone":79,"minecraft:terracotta":2,"minecraft:crafting_table":2,"scalinghealth:cursed_heart":1,"alexsmobs:animal_dictionary":1,"minecraft:granite":1,"minecraft:orange_terracotta":1},"minecraft:custom":{"minecraft:time_since_rest":9097,"minecraft:sprint_one_cm":122792,"minecraft:damage_taken":1009,"minecraft:walk_one_cm":63805,"minecraft:mob_kills":4,"minecraft:drop":1,"minecraft:damage_dealt":625,"minecraft:interact_with_crafting_table":2,"minecraft:fly_one_cm":150728,"minecraft:crouch_one_cm":3694,"minecraft:play_time":27978,"minecraft:deaths":2,"minecraft:sneak_time":2195,"minecraft:jump":693,"minecraft:leave_game":2,"minecraft:time_since_death":11170,"minecraft:total_world_time":27978,"minecraft:fall_one_cm":20699},"minecraft:dropped":{"farmersdelight:tomato_seeds":1},"minecraft:picked_up":{"minecraft:crafting_table":1,"minecraft:stick":31,"minecraft:raw_iron":8,"minecraft:wheat":1,"minecraft:feather":1,"minecraft:brown_terracotta":7,"minecraft:acacia_log":15,"farmersdelight:tomato_seeds":1,"minecraft:oak_log":15,"alexsmobs:gazelle_horn":1,"minecraft:orange_terracotta":1,"alexsmobs:emu_feather":1,"minecraft:wheat_seeds":7,"minecraft:granite":1,"minecraft:stone_pickaxe":1,"scalinghealth:cursed_heart":1,"minecraft:terracotta":2,"minecraft:coal":14,"minecraft:cobblestone":81},"minecraft:mined":{"minecraft:acacia_leaves":3,"minecraft:iron_ore":8,"minecraft:orange_terracotta":1,"minecraft:crafting_table":1,"minecraft:granite":1,"minecraft:acacia_log":16,"minecraft:grass":92,"minecraft:oak_log":15,"minecraft:coal_ore":10,"minecraft:dead_bush":38,"minecraft:tall_grass":1,"minecraft:cobblestone":34,"minecraft:brown_terracotta":7,"minecraft:terracotta":2,"farmersdelight:wild_tomatoes":1,"minecraft:stone":42},"minecraft:crafted":{"minecraft:oak_planks":60,"minecraft:wooden_hoe":1,"minecraft:crafting_table":1,"minecraft:stick":12,"minecraft:stone_axe":1},"minecraft:killed":{"alexsmobs:gazelle":1,"realmrpg_demons:chort":2,"alexsmobs:emu":1}},"DataVersion":3465}