{"stats":{"minecraft:used":{"minecraft:terracotta":2,"minecraft:cobblestone":79,"minecraft:stone_pickaxe":105,"alexsmobs:animal_dictionary":1,"minecraft:granite":1,"minecraft:orange_terracotta":1},"minecraft:custom":{"minecraft:time_since_rest":3383,"minecraft:crouch_one_cm":2834,"minecraft:deaths":1,"minecraft:play_time":15978,"minecraft:sprint_one_cm":59036,"minecraft:damage_taken":530,"minecraft:walk_one_cm":18445,"minecraft:sneak_time":1601,"minecraft:jump":362,"minecraft:damage_dealt":10,"minecraft:leave_game":2,"minecraft:time_since_death":5151,"minecraft:total_world_time":15978,"minecraft:fall_one_cm":12386,"minecraft:fly_one_cm":61376},"minecraft:picked_up":{"minecraft:stick":15,"minecraft:orange_terracotta":1,"minecraft:raw_iron":8,"minecraft:brown_terracotta":7,"minecraft:granite":1,"minecraft:stone_pickaxe":1,"minecraft:terracotta":2,"minecraft:coal":10,"minecraft:cobblestone":81},"minecraft:mined":{"minecraft:granite":1,"minecraft:coal_ore":10,"minecraft:dead_bush":23,"minecraft:brown_terracotta":7,"minecraft:iron_ore":8,"minecraft:cobblestone":34,"minecraft:terracotta":2,"minecraft:orange_terracotta":1,"minecraft:stone":42}},"DataVersion":3465}