{"stats":{"minecraft:used":{"alexsmobs:animal_dictionary":1},"minecraft:custom":{"minecraft:jump":124,"minecraft:time_since_rest":4278,"minecraft:crouch_one_cm":815,"minecraft:sprint_one_cm":30200,"minecraft:play_time":4278,"minecraft:damage_taken":210,"minecraft:time_since_death":4278,"minecraft:walk_one_cm":5469,"minecraft:sneak_time":586,"minecraft:total_world_time":4278,"minecraft:fall_one_cm":7218,"minecraft:fly_one_cm":35332},"minecraft:mined":{"minecraft:dead_bush":1}},"DataVersion":3465}