{"stats":{"minecraft:custom":{"minecraft:interact_with_furnace":14,"minecraft:mob_kills":14,"minecraft:interact_with_crafting_table":14,"minecraft:damage_dealt_resisted":20,"minecraft:leave_game":2,"minecraft:time_since_death":14726,"minecraft:sleep_in_bed":1,"minecraft:time_since_rest":14258,"minecraft:sprint_one_cm":151016,"minecraft:damage_taken":1871,"minecraft:walk_one_cm":159034,"minecraft:drop":7,"minecraft:damage_dealt":3198,"minecraft:fly_one_cm":169588,"minecraft:open_chest":20,"minecraft:crouch_one_cm":7312,"tombstone:undead_killed":3,"minecraft:play_time":51978,"minecraft:deaths":4,"minecraft:sneak_time":3380,"minecraft:walk_under_water_one_cm":170,"minecraft:jump":1037,"minecraft:walk_on_water_one_cm":2868,"minecraft:total_world_time":51978,"minecraft:interact_with_smoker":2,"minecraft:fall_one_cm":26864},"minecraft:used":{"minecraft:wheat_seeds":7,"minecraft:stone_pickaxe":126,"minecraft:oak_planks":48,"minecraft:chest":2,"minecraft:iron_sword":67,"minecraft:torch":17,"minecraft:terracotta":14,"minecraft:crafting_table":4,"scalinghealth:cursed_heart":1,"minecraft:granite":1,"born_in_chaos_v1:corpse_maggot":3,"minecraft:brown_terracotta":7,"minecraft:wooden_hoe":31,"minecraft:acacia_stairs":1,"minecraft:melon_slice":9,"minecraft:bread":2,"minecraft:iron_pickaxe":62,"minecraft:stone_axe":76,"born_in_chaos_v1:nightmare_stalker_skull":1,"minecraft:cobblestone":79,"minecraft:furnace":1,"tombstone:gift":3,"alexsmobs:animal_dictionary":1,"minecraft:orange_terracotta":1},"minecraft:dropped":{"farmersdelight:tomato_seeds":1,"minecraft:wheat_seeds":1,"tombstone:gift":1,"minecraft:rotten_flesh":8,"minecraft:filled_map":1,"minecraft:terracotta":1},"minecraft:broken":{"minecraft:stone_pickaxe":1},"minecraft:picked_up":{"born_in_chaos_v1:corpse_maggot":3,"minecraft:crafting_table":3,"minecraft:wheat":1,"minecraft:feather":1,"minecraft:golden_carrot":1,"born_in_chaos_v1:monster_flesh":3,"minecraft:filled_map":1,"minecraft:oak_log":15,"alexsmobs:gazelle_horn":1,"minecraft:red_bed":1,"born_in_chaos_v1:nightmare_stalker_skull":1,"tombstone:gift":1,"minecraft:orange_terracotta":1,"minecraft:wheat_seeds":8,"alexsmobs:emu_feather":1,"minecraft:stone_pickaxe":1,"minecraft:melon_slice":99,"minecraft:chest":2,"minecraft:stick":31,"minecraft:raw_iron":8,"minecraft:brown_terracotta":7,"minecraft:acacia_log":19,"farmersdelight:tomato_seeds":1,"born_in_chaos_v1:nightmare_claw":1,"minecraft:acacia_stairs":1,"minecraft:rotten_flesh":8,"minecraft:hay_block":11,"minecraft:granite":1,"scalinghealth:cursed_heart":1,"minecraft:terracotta":17,"minecraft:coal":18,"minecraft:cobblestone":145},"minecraft:mined":{"minecraft:acacia_leaves":3,"minecraft:red_bed":1,"minecraft:orange_terracotta":1,"minecraft:crafting_table":3,"minecraft:granite":1,"minecraft:acacia_log":20,"minecraft:melon":22,"minecraft:chest":2,"minecraft:dead_bush":38,"minecraft:cobblestone":34,"minecraft:tall_grass":3,"farmersdelight:wild_tomatoes":1,"minecraft:hay_block":11,"minecraft:iron_ore":8,"minecraft:acacia_stairs":1,"minecraft:grass":101,"minecraft:coal_ore":14,"minecraft:oak_log":15,"minecraft:brown_terracotta":7,"minecraft:terracotta":16,"minecraft:stone":107},"minecraft:crafted":{"minecraft:oak_planks":60,"minecraft:crafting_table":1,"minecraft:iron_sword":1,"minecraft:furnace":1,"minecraft:stone_axe":1,"minecraft:bread":39,"minecraft:wooden_hoe":1,"minecraft:shield":1,"minecraft:stick":12,"minecraft:iron_ingot":8,"minecraft:iron_pickaxe":1,"minecraft:acacia_planks":12,"minecraft:torch":28,"minecraft:wheat":99},"minecraft:killed":{"minecraft:spider":1,"born_in_chaos_v1:zombie_bruiser":1,"born_in_chaos_v1:maggot":5,"alexsmobs:emu":1,"minecraft:zombie":2,"alexsmobs:gazelle":1,"realmrpg_demons:chort":2,"born_in_chaos_v1:nightmare_stalker":1}},"DataVersion":3465}