{"stats":{"minecraft:used":{"minecraft:bread":4,"minecraft:iron_pickaxe":8,"nifty:orange":1,"minecraft:blackstone":1,"minecraft:iron_helmet":1,"minecraft:shield":1,"minecraft:iron_sword":16,"minecraft:iron_boots":1,"minecraft:iron_chestplate":1,"minecraft:torch":1,"minecraft:cobblestone":7,"minecraft:tnt":1,"minecraft:crafting_table":1,"minecraft:iron_leggings":1},"minecraft:dropped":{"nifty:marble":1,"minecraft:acacia_planks":14},"minecraft:custom":{"minecraft:time_since_rest":21573,"minecraft:sprint_one_cm":42844,"minecraft:damage_taken":390,"minecraft:walk_one_cm":56947,"minecraft:damage_blocked_by_shield":25,"minecraft:trigger_trapped_chest":1,"minecraft:mob_kills":4,"minecraft:drop":2,"minecraft:damage_dealt":861,"minecraft:swim_one_cm":9753,"minecraft:interact_with_crafting_table":2,"minecraft:fly_one_cm":84782,"minecraft:open_barrel":6,"minecraft:open_chest":5,"minecraft:play_time":21573,"tombstone:undead_killed":1,"minecraft:sneak_time":10,"minecraft:walk_under_water_one_cm":3107,"minecraft:jump":535,"minecraft:walk_on_water_one_cm":10012,"minecraft:time_since_death":21573,"minecraft:total_world_time":21573,"minecraft:fall_one_cm":18359},"minecraft:picked_up":{"born_in_chaos_v1:diamond_termite_shard":1,"minecraft:raw_iron":2,"minecraft:iron_chestplate":1,"born_in_chaos_v1:shattered_skull":1,"minecraft:wheat":1,"minecraft:feather":5,"minecraft:torch":6,"minecraft:acacia_log":5,"minecraft:dripstone_block":3,"minecraft:brown_bed":1,"minecraft:shield":1,"born_in_chaos_v1:holiday_candy":7,"minecraft:tnt":1,"minecraft:iron_leggings":1,"minecraft:blackstone":1,"nifty:marble":1,"minecraft:bone":1,"minecraft:wheat_seeds":1,"minecraft:iron_helmet":1,"minecraft:hay_block":1,"minecraft:iron_ingot":5,"minecraft:bread":17,"minecraft:iron_pickaxe":1,"minecraft:iron_boots":1,"minecraft:cobblestone":10},"minecraft:mined":{"minecraft:hay_block":1,"minecraft:blackstone":1,"minecraft:iron_ore":2,"minecraft:fire":1,"minecraft:torch":2,"minecraft:brown_bed":1,"minecraft:acacia_log":6,"minecraft:deepslate_iron_ore":2,"minecraft:stone":2,"minecraft:wall_torch":3},"minecraft:crafted":{"minecraft:crafting_table":1,"minecraft:stick":4,"minecraft:iron_pickaxe":1,"minecraft:iron_sword":1,"minecraft:acacia_planks":20},"minecraft:killed":{"minecraft:skeleton":1,"born_in_chaos_v1:dread_hound":1,"born_in_chaos_v1:diamond_termite":1,"benssharks:bull_shark":1}},"DataVersion":3465}