{"stats":{"minecraft:used":{"minecraft:ladder":2,"nifty:orange":1,"minecraft:blackstone":3,"minecraft:shield":22,"minecraft:iron_sword":137,"minecraft:iron_chestplate":1,"minecraft:torch":4,"minecraft:glow_berries":15,"minecraft:tnt":1,"minecraft:crafting_table":1,"minecraft:dripstone_block":3,"minecraft:granite":1,"tombstone:bag_of_seeds":1,"minecraft:oak_stairs":1,"minecraft:bread":15,"minecraft:iron_pickaxe":52,"minecraft:iron_helmet":1,"minecraft:iron_boots":1,"minecraft:stone_bricks":2,"minecraft:cobblestone":11,"born_in_chaos_v1:rotten_fish":1,"minecraft:hay_block":1,"born_in_chaos_v1:wood_splitter_axe":1,"tombstone:gift":1,"minecraft:stripped_oak_log":2,"minecraft:iron_leggings":1,"sophisticatedbackpacks:gold_backpack":4},"minecraft:dropped":{"minecraft:wheat_seeds":1,"minecraft:rotten_flesh":2,"nifty:marble":1,"scalinghealth:heart_crystal":1,"born_in_chaos_v1:corpse_maggot":3,"minecraft:acacia_planks":14},"minecraft:custom":{"minecraft:interact_with_furnace":1,"spartanshields:shield_bash_hits":1,"minecraft:mob_kills":33,"minecraft:interact_with_crafting_table":3,"minecraft:open_barrel":8,"minecraft:leave_game":3,"minecraft:time_since_death":4141,"minecraft:climb_one_cm":1206,"minecraft:time_since_rest":1742,"minecraft:sprint_one_cm":154238,"minecraft:walk_one_cm":150152,"minecraft:damage_taken":2361,"minecraft:damage_blocked_by_shield":307,"minecraft:trigger_trapped_chest":1,"minecraft:drop":7,"minecraft:damage_dealt":6401,"minecraft:swim_one_cm":20811,"minecraft:fly_one_cm":341817,"minecraft:open_chest":10,"minecraft:crouch_one_cm":621,"minecraft:play_time":63297,"tombstone:undead_killed":20,"minecraft:deaths":2,"minecraft:sneak_time":361,"minecraft:walk_under_water_one_cm":9312,"minecraft:jump":1876,"minecraft:interact_with_smoker":1,"minecraft:walk_on_water_one_cm":28038,"minecraft:total_world_time":63297,"minecraft:fall_one_cm":57722},"minecraft:picked_up":{"minecraft:stripped_oak_log":2,"sophisticatedbackpacks:gold_backpack":1,"born_in_chaos_v1:corpse_maggot":3,"born_in_chaos_v1:diamond_termite_shard":1,"minecraft:iron_chestplate":1,"minecraft:wheat":3,"minecraft:feather":5,"born_in_chaos_v1:monster_flesh":1,"minecraft:ladder":2,"minecraft:oak_stairs":1,"minecraft:brown_bed":1,"minecraft:shield":1,"scalinghealth:heart_crystal":4,"born_in_chaos_v1:holiday_candy":7,"born_in_chaos_v1:monster_skin":1,"minecraft:iron_leggings":1,"nifty:marble":1,"minecraft:bone":13,"minecraft:blackstone":3,"minecraft:stone_bricks":2,"minecraft:wheat_seeds":1,"minecraft:raw_gold":10,"minecraft:iron_ingot":5,"tombstone:bag_of_seeds":1,"minecraft:iron_pickaxe":1,"minecraft:iron_boots":1,"minecraft:raw_iron":30,"scalinghealth:heart_crystal_shard":16,"born_in_chaos_v1:shattered_skull":1,"minecraft:torch":6,"minecraft:acacia_log":5,"minecraft:dripstone_block":3,"minecraft:ink_sac":3,"tombstone:grave_dust":4,"minecraft:tnt":1,"minecraft:rotten_flesh":2,"born_in_chaos_v1:wood_splitter_axe":1,"minecraft:iron_helmet":1,"minecraft:hay_block":1,"minecraft:granite":1,"minecraft:bread":17,"born_in_chaos_v1:rotten_fish":1,"tombstone:magic_scroll":1,"minecraft:coal":2,"minecraft:cobblestone":11},"minecraft:mined":{"minecraft:blackstone":3,"minecraft:torch":2,"minecraft:ladder":1,"minecraft:granite":1,"minecraft:acacia_log":6,"minecraft:wall_torch":3,"minecraft:hay_block":1,"minecraft:iron_ore":30,"minecraft:fire":2,"minecraft:brown_bed":1,"minecraft:grass":3,"minecraft:deepslate_iron_ore":2,"minecraft:oak_stairs":1,"minecraft:stripped_oak_log":2,"minecraft:stone":3,"minecraft:stone_bricks":2,"minecraft:gold_ore":10},"minecraft:crafted":{"minecraft:crafting_table":1,"minecraft:iron_sword":1,"minecraft:stick":4,"minecraft:iron_pickaxe":1,"minecraft:acacia_planks":20},"minecraft:killed":{"born_in_chaos_v1:diamond_termite":1,"born_in_chaos_v1:zombie_lumberjack":1,"benssharks:bull_shark":1,"born_in_chaos_v1:decrepit_skeleton":1,"born_in_chaos_v1:maggot":3,"minecraft:skeleton":7,"minecraft:zombie":11,"born_in_chaos_v1:dread_hound":2,"realmrpg_demons:chort":1,"minecraft:silverfish":3}},"DataVersion":3465}