{"stats":{"minecraft:dropped":{"minecraft:rotten_flesh":2,"nifty:marble":1,"scalinghealth:heart_crystal":1,"minecraft:acacia_planks":14},"minecraft:used":{"nifty:orange":1,"minecraft:blackstone":3,"minecraft:shield":1,"minecraft:iron_sword":40,"minecraft:iron_chestplate":1,"minecraft:torch":4,"minecraft:tnt":1,"minecraft:crafting_table":1,"minecraft:dripstone_block":3,"minecraft:granite":1,"minecraft:bread":10,"minecraft:iron_pickaxe":50,"minecraft:iron_helmet":1,"minecraft:iron_boots":1,"minecraft:cobblestone":11,"minecraft:hay_block":1,"minecraft:iron_leggings":1},"minecraft:custom":{"minecraft:mob_kills":9,"minecraft:interact_with_crafting_table":2,"minecraft:open_barrel":6,"minecraft:time_since_death":33573,"minecraft:time_since_rest":33573,"minecraft:sprint_one_cm":76433,"minecraft:walk_one_cm":79442,"minecraft:damage_taken":769,"minecraft:damage_blocked_by_shield":25,"minecraft:trigger_trapped_chest":1,"minecraft:drop":5,"minecraft:damage_dealt":2079,"minecraft:swim_one_cm":13224,"minecraft:fly_one_cm":131040,"minecraft:open_chest":5,"minecraft:play_time":33573,"tombstone:undead_killed":4,"minecraft:sneak_time":10,"minecraft:walk_under_water_one_cm":5954,"minecraft:jump":903,"minecraft:walk_on_water_one_cm":25291,"minecraft:total_world_time":33573,"minecraft:fall_one_cm":29953},"minecraft:picked_up":{"minecraft:iron_chestplate":1,"born_in_chaos_v1:diamond_termite_shard":1,"minecraft:wheat":1,"minecraft:feather":5,"born_in_chaos_v1:monster_flesh":1,"minecraft:brown_bed":1,"minecraft:shield":1,"born_in_chaos_v1:holiday_candy":7,"scalinghealth:heart_crystal":2,"minecraft:iron_leggings":1,"born_in_chaos_v1:monster_skin":1,"nifty:marble":1,"minecraft:bone":3,"minecraft:blackstone":3,"minecraft:wheat_seeds":1,"minecraft:raw_gold":10,"minecraft:iron_ingot":5,"minecraft:iron_pickaxe":1,"minecraft:iron_boots":1,"minecraft:raw_iron":30,"born_in_chaos_v1:shattered_skull":1,"minecraft:torch":6,"minecraft:acacia_log":5,"minecraft:dripstone_block":3,"minecraft:tnt":1,"minecraft:rotten_flesh":2,"minecraft:hay_block":1,"minecraft:iron_helmet":1,"minecraft:granite":1,"minecraft:bread":17,"minecraft:cobblestone":11},"minecraft:mined":{"minecraft:blackstone":3,"minecraft:torch":2,"minecraft:granite":1,"minecraft:acacia_log":6,"minecraft:wall_torch":3,"minecraft:hay_block":1,"minecraft:iron_ore":30,"minecraft:fire":1,"minecraft:brown_bed":1,"minecraft:deepslate_iron_ore":2,"minecraft:stone":3,"minecraft:gold_ore":10},"minecraft:crafted":{"minecraft:crafting_table":1,"minecraft:iron_sword":1,"minecraft:stick":4,"minecraft:iron_pickaxe":1,"minecraft:acacia_planks":20},"minecraft:killed":{"born_in_chaos_v1:diamond_termite":1,"benssharks:bull_shark":1,"born_in_chaos_v1:decrepit_skeleton":1,"born_in_chaos_v1:maggot":1,"minecraft:skeleton":2,"minecraft:zombie":1,"born_in_chaos_v1:dread_hound":2}},"DataVersion":3465}