{"stats":{"minecraft:used":{"minecraft:bread":3},"minecraft:custom":{"minecraft:time_since_rest":9573,"minecraft:open_chest":4,"minecraft:walk_one_cm":24210,"minecraft:play_time":9573,"minecraft:sprint_one_cm":15275,"minecraft:damage_taken":140,"minecraft:walk_under_water_one_cm":283,"minecraft:mob_kills":1,"minecraft:jump":205,"minecraft:damage_dealt":44,"minecraft:time_since_death":9573,"minecraft:walk_on_water_one_cm":1159,"minecraft:total_world_time":9573,"minecraft:fall_one_cm":8511,"minecraft:fly_one_cm":44506},"minecraft:picked_up":{"minecraft:feather":5,"born_in_chaos_v1:shattered_skull":1,"minecraft:wheat_seeds":1,"minecraft:hay_block":1,"minecraft:brown_bed":1,"minecraft:iron_ingot":5,"minecraft:bread":17,"born_in_chaos_v1:holiday_candy":7},"minecraft:mined":{"minecraft:hay_block":1,"minecraft:brown_bed":1},"minecraft:killed":{"benssharks:bull_shark":1}},"DataVersion":3465}